0,https://cdn.thingiverse.com/renders/e6/52/3e/d4/02/8b573bd87811a547fc3c4540c03574cb_preview_featured.jpg
1,https://cdn.thingiverse.com/renders/0e/75/f3/99/0f/242b2c0ca8910dd27c42a03c17be7d8c_preview_featured.jpg
2,https://cdn.thingiverse.com/renders/7b/77/a2/4f/2b/3fb18a5ce85c52829cdcdcb42dd070e2_preview_featured.jpg
3,https://cdn.thingiverse.com/renders/e5/ee/15/d0/23/418715ca8a3e333c43494f3b3bbec44a_preview_featured.jpg
4,"https://i.all3dp.com/cdn-cgi/image/fit=cover,w=1284,h=722,gravity=0.5x0.5,format=auto/wp-content/uploads/2018/10/01145616/181001.jpg"
5,https://cdn.thingiverse.com/renders/21/7a/a4/a2/f9/0_preview_featured.jpg
6,https://cdn.thingiverse.com/renders/8f/66/45/19/e0/BagClip_65_preview_featured.jpg
7,https://cdn.thingiverse.com/renders/5c/56/f5/9c/33/567bc11d7aec4426905f458449cc690e_preview_featured.jpg
8,https://cdn.thingiverse.com/assets/83/e7/e1/81/36/featured_preview_SM-All.png
10,https://cdn.thingiverse.com/renders/4a/c2/21/26/26/4489f6142b1434472fbd9b8acced3e41_preview_featured.jpg
11,https://cdn.thingiverse.com/renders/58/ac/92/5f/56/1f375d94ed8fe9fd0fa78d775b691407_preview_featured.jpg
12,https://cdn.thingiverse.com/renders/c9/1a/c0/b9/3b/c79104b169d183605d0f138f4c5cb6f2_preview_featured.jpg
13,https://cdn.thingiverse.com/renders/50/82/9d/83/07/a5b3c72089af39b19d4e589b8ef3b7be_preview_featured.jpg
14,https://i.pinimg.com/originals/8b/e7/42/8be742df34e73920cebb2db407104618.jpg
15,https://www.3dnatives.com/en/wp-content/uploads/sites/2/thingiverse-cover.jpg
16,https://cdn.vox-cdn.com/thumbor/ub6AjDpLzlSk6I8osA4L3OxlTT4=/0x29:690x489/1200x800/filters:focal(0x29:690x489)/cdn.vox-cdn.com/uploads/chorus_image/image/46174130/1ad02936f08c11e1b41b22000a1e8aa5_7_preview_featured.0.0.jpg
17,https://i.ytimg.com/vi/mZ-zNhSgxqQ/hqdefault.jpg
18,"https://i.all3dp.com/cdn-cgi/image/fit=cover,w=1284,h=722,gravity=0.5x0.5,format=auto/wp-content/uploads/2021/02/02150911/2.jpg"
19,https://i.pinimg.com/originals/3e/b2/da/3eb2dae55230c15086fbdc56c9f6daad.jpg
20,https://s1.ibtimes.com/sites/www.ibtimes.com/files/styles/lg/public/2014/02/08/rtr3c7fw.jpg
22,https://cdn.thingiverse.com/renders/6d/ed/9b/6a/46/456e7c09ae9a1e40316139af371b1692_preview_featured.jpg
23,https://techcrunch.com/wp-content/uploads/2016/02/e304e00ee157af05226c955ac5747b1a_preview_featured.jpg?w=628
25,https://i.redd.it/lp0eksv1b4t01.jpg
26,https://cdn.thingiverse.com/assets/9c/94/be/81/c8/card_preview_IMG_20201008_215807.jpg
27,https://i.pinimg.com/originals/94/e8/5b/94e85bc855f7b4fc5b0cece9b38d3b4a.jpg
28,https://makerbot-blog-old.s3.amazonaws.com/wp-content/uploads/2013/07/atoms3-1.jpg
29,https://cdn.thingiverse.com/renders/9c/ee/a4/b9/0a/CentralPart_preview_featured.jpg
30,https://cdn.thingiverse.com/renders/67/4e/0a/78/fd/ctrlV_3D_test_preview_featured.jpg
31,https://beta.techcrunch.com/wp-content/uploads/2016/02/screen-shot-2016-02-23-at-9-09-23-am.png
32,https://cdn.thingiverse.com/assets/23/62/f4/54/69/featured_preview_IMG_20191119_160253.jpg
33,https://3dprint.com/wp-content/uploads/2015/11/fabrap.png
34,https://cdn.thingiverse.com/renders/c1/42/75/a0/18/6d409532ac0a60cc3cab3149892cfef8_preview_featured.jpg
35,https://cdn.thingiverse.com/renders/e7/21/c4/6f/66/53726f5818a7d95e448cdbffb52249cb_preview_featured.jpg
36,https://cdn.thingiverse.com/renders/11/b5/db/fb/d0/treefrog_45_cut_preview_featured.jpg
37,https://cdn.thingiverse.com/renders/bd/3c/8b/bd/34/79ce327ccf19c444d662164138038e4b_preview_featured.jpg
38,https://cdn.thingiverse.com/renders/69/63/37/dd/fd/e1b1aec810d95712197fc39cf6d351c3_preview_card.jpeg
39,https://cdn.thingiverse.com/renders/be/bd/f0/11/b4/c822025c9886c083843e583df89e0770_preview_featured.jpg
40,https://cdn.thingiverse.com/assets/68/78/5c/8e/97/featured_preview_enclosure.jpg
41,https://cdn.thingiverse.com/assets/25/c7/99/f1/3c/Wave_stand_for_the_3DBenchy_-_by_Furnibird.jpg
42,https://cdn.thingiverse.com/renders/d9/91/13/71/37/29b0d93aca7f6f9b44c7145537602c1e_preview_featured.jpg
43,"https://i.all3dp.com/cdn-cgi/image/fit=cover,w=1284,h=722,gravity=0.5x0.5,format=auto/wp-content/uploads/2019/04/09173216/Ultimakers.jpg"
44,https://cdn.thingiverse.com/renders/af/25/d6/70/75/710c9587b583d0f46ffe900cded1d903_preview_featured.jpg
45,https://3dprintingindustry.com/wp-content/uploads/2016/02/3D-Printed-Rose-with-stem-thorns-by-skaye-found-on-Thingiverse.jpg
46,https://inhabitat.com/wp-content/blogs.dir/1/files/2012/12/makerbot-remove-3D-gun-parts-from-database-1.jpg
48,https://p.globalsources.com/IMAGES/PDT/BIG/889/B1166812889.jpg
49,https://cdn.thingiverse.com/assets/9f/1c/59/d8/ce/featured_preview_Visera_Plana_con_cierre_y_ventilacion_0.5.png
50,https://cdn.thingiverse.com/renders/c2/17/27/b6/69/ce39c9ee48bb8009644523102c5246a8_preview_featured.jpg
51,https://i.pinimg.com/originals/f6/e8/4f/f6e84ff5fdb9cb25bcb0303758c17515.jpg
52,https://cdn.thingiverse.com/assets/e8/ac/ab/2e/69/featured_preview_Visera_3.5.2.png
53,https://cdn.thingiverse.com/assets/d8/3b/f8/9c/a7/featured_preview_Finished_Print_01_2000px.jpg
54,https://i.redd.it/rus3ae0i2cj21.jpg
55,https://cdn.thingiverse.com/assets/81/95/e1/af/2c/featured_preview_Surgical_Mask_Strap_Remix.png
56,https://cdn.thingiverse.com/renders/9c/e3/8c/3c/3d/462df04a4a840081806233b5747140b8_preview_featured.jpg
57,https://3qcbdntxdyb43ubh6h0b0qgz-wpengine.netdna-ssl.com/wp-content/uploads/2018/03/thingiverse_module_4-1.jpg
59,https://inteng-storage.s3.amazonaws.com/images/import/2017/02/caffeine_display_large-1024x768.jpg
60,https://cdn.thingiverse.com/renders/99/ba/50/ef/64/a9e76a8c28888482f6d0ec95456ef195_preview_featured.jpg
61,https://i.cbc.ca/1.2744444.1408738857!/fileImage/httpImage/image.jpg_gen/derivatives/4x3_1180/emmett-s-heart-thingiverse.jpg
63,https://cdn.thingiverse.com/assets/1c/01/d1/93/c1/featured_preview_20191223_075024_mod.jpg
64,https://i.pinimg.com/originals/d7/cb/a7/d7cba78ab5aab9eee5895c988f667e77.jpg
65,"https://i.all3dp.com/cdn-cgi/image/fit=cover,w=642,h=361,gravity=0.5x0.5,format=auto/wp-content/uploads/2018/05/26142826/50-things.jpg"
66,https://www.researchgate.net/publication/326727693/figure/fig1/AS:654637971554304@1533089263977/Candle-holder-from-Thingiverse-Thingiverse-2018a-after-printing-a-3D-rendering-of-its.png
68,https://miro.medium.com/max/6048/1*894URHmPrBrTCo_Cu4KuMA.jpeg
69,https://i0.wp.com/3ddistributed.com/wp-content/uploads/2019/05/CoreXY-3D-Printer-Designs-On-Thingiverse-.jpg?fit=778%2C453&ssl=1
70,https://3dprint.com/wp-content/uploads/2015/11/Untitled25.png
71,https://cdn.thingiverse.com/renders/9d/c0/cc/e9/61/d409b37bd4f8bfcdae93233c318487e1_preview_featured.jpg
72,https://makerbot-blog-old.s3.amazonaws.com/wp-content/uploads/2016/04/11180014/ThingiverseAPI_blog2-700x350.jpg
73,https://www.3dprintingtoday.com/wp-content/uploads/2019/04/printing-services-have-multiple-printers-to-handle-24-7pressreleasecom-190322.png
74,https://ssww-blog.s3.amazonaws.com/blog/wp-content/uploads/Math-Gears-by-SSW-Thingiverse-3D-Printer.png
75,https://3dprintingindustry.com/wp-content/uploads/2015/03/katamari-damacy-roll-game-3D-printing-on-thingiverse.jpg
76,https://img.favpng.com/13/25/2/thingiverse-3d-printing-makerbot-autodesk-123d-bowden-extruder-png-favpng-tmPGiCy7Rbe6uEgBueNrF4TU4.jpg
78,https://www.extremetech.com/wp-content/uploads/2013/06/makerbot-replicator-2-640x353.jpg
80,https://cdn0.sbnation.com/imported_assets/1811305/4tIFr_medium.png
81,https://www.fabbaloo.com/wp-content/uploads/2020/09/search-thingiverse-cover.jpg
83,https://cdn.thingiverse.com/renders/ab/25/bc/ab/f0/Handlebars_XL_preview_featured.jpg
84,https://i.pinimg.com/originals/ce/2c/7a/ce2c7a9efc008141c7613eee61706af6.jpg
85,https://www.3dnatives.com/en/wp-content/uploads/sites/2/Thingiverse-file.jpg
86,https://pbs.twimg.com/media/CgFw_ulWcAAdYNS.jpg
87,https://thumbor.forbes.com/thumbor/536x338/https://blogs-images.forbes.com/andygreenberg/files/2012/12/gunfile.jpg?width=960
88,https://www.fabbaloo.com/wp-content/uploads/2020/09/search-thingiverse-detail.jpg
90,https://cdn.thingiverse.com/renders/6c/c0/c0/66/4f/ddd371e3513ea0369eb8198b37e31a2b_preview_card.jpg
91,https://3dprint.com/wp-content/uploads/2019/08/thingiverse.png
92,https://3dinsider.com/wp-content/uploads/2016/03/IMG_1100_preview_featured-1280x720.jpg
94,https://e7.pngegg.com/pngimages/269/39/png-clipart-3d-printing-printer-stl-thingiverse-moss-electronics-3d-computer-graphics.png
95,https://3dprintingindustry.com/wp-content/uploads/2018/10/BN-DG804_0618Ma_GR_20140616141458-370x260.jpg
96,https://cdn.thingiverse.com/assets/0f/b8/4d/04/37/featured_preview_Among_Us.png
97,https://i.ytimg.com/vi/fvoLBZ2t6q0/maxresdefault.jpg
98,https://i.redd.it/qepmuduy0zb51.jpg
99,https://i.pinimg.com/originals/d1/cd/17/d1cd178eee18a7d9d880e24560186156.jpg
100,https://makerbot-blog-old.s3.amazonaws.com/wp-content/uploads/2016/06/03135027/Thingiverse-Blog-Banner-26.jpg
101,"https://i.all3dp.com/cdn-cgi/image/fit=cover,w=360,gravity=0.5x0.5,format=auto/wp-content/uploads/2020/04/14153755/thingiverse-1-scaled.jpg"
102,https://www.3dprintingmedia.network/wp-content/uploads/2018/10/audrey-fretz-497611-unsplash-780x405.jpg
103,https://cdn.thingiverse.com/renders/12/16/2e/d6/8d/0aeab41df6ec555b2daceccba3970e48_preview_featured.jpg
104,https://i.pinimg.com/originals/27/34/56/273456c1bc2c9d044e7d614f842d1a47.jpg
105,https://3dprintingindustry.com/wp-content/uploads/2016/07/xhqRBM5-370x260.jpg
106,https://www.pathstoliteracy.org/sites/pathstoliteracy.perkinsdev1.org/files/styles/full_post_view/public/uploaded-images/dna_double_helix.jpg?itok=1aXtPMmz
107,https://i.redd.it/pd792cavsmx31.jpg
108,https://thumbor.forbes.com/thumbor/960x0/https%3A%2F%2Fblogs-images.forbes.com%2Ftjmccue%2Ffiles%2F2019%2F01%2FForbes-Thingiverse-Ironman-3D-Printed-Cosplay-Suit-Steffen-Scholtes-300x300.jpg
109,https://www.fortbend.lib.tx.us/sites/default/files/2019-01/3D%20Printing_2.jpg
110,https://cdn.thingiverse.com/assets/5a/e6/1e/32/d5/featured_preview_container_fully-functional-3d-printable-toy-prop-gun-3d-printing-281574.jpeg
111,"https://i.all3dp.com/cdn-cgi/image/fit=cover,w=473,h=266,gravity=0.5x0.5,format=auto/wp-content/uploads/2019/01/08095433/dive-into-these-creative-phone-stands-moby_inc-thingiverse-1901081.jpg"
112,https://cdn.thingiverse.com/renders/95/b5/cd/63/a9/1bb4112eda076c0faee5ecb07f0784c2_preview_featured.jpg
113,https://edshelf.com/wp-content/uploads/screenshot-thingiverse-1.jpg
114,https://img.favpng.com/6/20/22/thingiverse-3d-printing-youtube-do-it-yourself-png-favpng-N43y4ULLNVEDBHTeasSfvKdNq.jpg
115,https://t2s3d3j9.stackpathcdn.com/wp-content/uploads/2020/02/1582008125_maxresdefault-780x405.jpg
116,https://3dprintingforbeginners.com/wp-content/uploads/2013/03/Thinigverse_Repair.jpg
117,https://i.pinimg.com/originals/cc/11/1b/cc111ba832dcef75f541e61c1221fa88.jpg
118,https://total3dprinting.org/wp-content/uploads/2020/04/image-.jpg
119,https://c0.klipartz.com/pngpicture/242/120/gratis-png-impresora-thingiverse-de-la-impresion-3d-del-cabezal-de-la-cama-de-polvo-y-del-chorro-de-tinta-impresora.png
120,https://www.boisestate.edu/library-makerlab/files/2020/04/1-1-1024x540.png
121,https://3dprintguides.com/wp-content/uploads/2020/05/stencil.default-2.png
122,https://img1.pnghut.com/15/0/13/VQnSNUsaEP/thingiverse-printing-linearmotion-bearing-printrbot-aluminium.jpg
124,https://www.suasnews.com/wp-content/uploads/2017/02/facebook-miniwhoop-grab-696x928.jpg
125,https://www.3dprintingtoday.com/wp-content/uploads/2018/10/easter-eggs-by-antonin-nosek-antonin_nosek-thingiverse-180922.jpeg
126,https://3dprint.com/wp-content/uploads/2019/12/Wreath.png
127,https://cdn.thingiverse.com/renders/e4/2d/be/1b/f6/bf168f4af6ae5327d67ab66fef850851_preview_featured.jpg
128,https://i.ytimg.com/vi/_PNasnixe14/maxresdefault.jpg
129,https://c0.klipartz.com/pngpicture/195/44/sticker-png-3d-printing-printrbot-thingiverse-3d-computer-graphics-using-1-piece-of-plywood-table-angle-3d-computer-graphics-metal-3d-printing-adventure-thumbnail.png
130,https://assets.website-files.com/5edafb91e54ac890f22a00e2/5f59154adf23dc7aad766b6a_Can-I-Sell-Things-from-Thingiverse.jpg
131,"https://i.all3dp.com/cdn-cgi/image/fit=cover,w=360,gravity=0.5x0.5,format=auto/wp-content/uploads/2018/10/01145609/printing-the-artichoke-lamp-gcreate-thingiverse-180922.jpg"
132,https://i0.wp.com/makezine.com/wp-content/uploads/2012/05/mentathing.jpg?resize=1200%2C670&strip=all&ssl=1
133,https://i.pinimg.com/originals/64/95/35/64953550bc7e3bd741a755522d11532a.jpg
134,https://miro.medium.com/max/1024/1*VufC2UUGVxm-Z7ZNhGej3g.png
135,https://w7.pngwing.com/pngs/945/410/png-transparent-milling-machine-computer-numerical-control-milling-machine-cnc-maschine-tara-machines-tech-services-pvt-ltd-business-3d-printing-thingiverse-thumbnail.png
137,https://i2.wp.com/www.fordhamiplj.org/wp-content/uploads/2016/03/eBay-Loubie-Sad-Face.jpg
138,https://i.ytimg.com/vi/SAWoVfsnFjk/maxresdefault.jpg
139,https://p7.hiclipart.com/preview/768/279/749/3d-modeling-3d-printing-3d-computer-graphics-cgtrader-thingiverse-smoking-elderly-head-statue.jpg
140,https://img.favpng.com/4/23/19/thingiverse-3d-printing-3d-modeling-first-person-view-png-favpng-r5rUXrZ5fQZB56NikYeJzpF0U.jpg
141,"https://i.all3dp.com/cdn-cgi/image/fit=cover,w=309,h=173,gravity=0.5x0.5,format=auto/wp-content/uploads/2018/10/30165303/1810301.jpg"
142,https://www.whiteclouds.com/images/blog/makerbot-thingiverse-3.png
143,https://www.tctmagazine.com/downloads/5831/download/DIAMOND_TREE_VISUAL.jpg?cb=09735778f3b740f4f92aa3bd8aec582d
144,https://www.htxt.co.za/wp-content/uploads/2020/05/Thingiverse-Mask-Andrei-Be.png
145,https://makerbot-blog-old.s3.amazonaws.com/wp-content/uploads/2014/03/CustomizerTree_BlogPost.jpg
146,https://www.boisestate.edu/library-makerlab/files/2020/06/thing-files-1024x756.png
147,https://i.pinimg.com/originals/ce/43/fa/ce43fa5c9dacdfbc12437c38cb327461.jpg
149,https://cdn-blog.adafruit.com/uploads/2020/04/Capture-1-600x388.jpg
150,https://patch.com/img/cdn/users/152594/2013/08/raw/5a6a45fc3fc4ccf03b5ec77f5a7941a2.jpg
151,https://3dprintingindustry.com/wp-content/uploads/2018/10/original-e1540903046538.jpg
152,https://cdn.thingiverse.com/assets/56/e4/1c/52/b0/featured_preview_Visera_3.4_190mm_solo_para_camas_de_menos_de_200.png
153,https://i2.wp.com/www.fordhamiplj.org/wp-content/uploads/2016/03/Thingiverse-eBay.jpg?fit=1100%2C702
154,https://www.electromaker.io/uploads/images/Blog/Best%20Websites%20for%203D%20Printing%20Models%3A%20Best%20Sites%20for%203D%20Printer%20Files/best-sites-for-3d-printing-thingiverse.png
155,https://cdn-blog.adafruit.com/uploads/2019/01/Ipreview-lightbox-adafruit_top_ten_2018_blog.jpg
156,https://ae01.alicdn.com/kf/HTB14nBNaUT1gK0jSZFhq6yAtVXae.jpg_q50.jpg
157,https://3dprintingcenter.net/wp-content/uploads/2020/03/Thingiverse.png
158,https://www.htxt.co.za/wp-content/uploads/2020/03/Mewtwo-Pok%C3%A9mon-Incubator-3D-Print-H2-scaled.jpg
159,https://techcrunch.com/wp-content/uploads/2015/03/elf-releases-tips-3d-printing-open-source-drones-1.jpg?w=430&h=230&crop=1
160,"https://i.all3dp.com/cdn-cgi/image/fit=cover,w=473,h=266,gravity=0.5x0.5,format=auto/wp-content/uploads/2018/12/11154347/sirmakesalots-fishing-lures-printed-and-painted-the_mighty_sparrow-thingiverse-181211.jpg"
161,https://www.tctmagazine.com/downloads/4297/download/Thingiverse-App.jpg?cb=7bf15481a37d81e15fd1b4a0b3aa39ce
163,https://d3i71xaburhd42.cloudfront.net/d872b99e19e121585de663a57a468a48334c51d0/3-Table1-1.png
164,https://i.pinimg.com/originals/d8/1b/b6/d81bb650621ee577cee6ba48f2438544.jpg
165,https://blog.tph.ca/wp-content/uploads/2015/02/tph-thingiverse-3d-print-26.jpg
166,https://i2.wp.com/www.suasnews.com/wp-content/uploads/2017/02/homebrew-3d-printer-Matt-Gleason.jpg?resize=192%2C257&ssl=1
167,https://preview.redd.it/uewolervutp31.jpg?width=628&format=pjpg&auto=webp&s=41c0cdbe0eaef4b6e32103153d361043f88d470e
168,https://rumorscity.com/wp-content/uploads/2013/10/Makerbot-Thingiverse-launches-first-iOS-app-for-3D-printing-projects-02.jpg
169,https://3qcbdntxdyb43ubh6h0b0qgz-wpengine.netdna-ssl.com/wp-content/uploads/2018/10/Thingiverse-EDU.png
170,https://cdn.thingiverse.com/renders/47/dc/b0/47/9f/Bcube1_display_large_preview_featured.jpg
171,https://img.favpng.com/14/10/20/vector-graphics-thingiverse-3d-printing-image-nexalogy-png-favpng-V6VW9i2bCjbdknPGv93h5BbNN.jpg
172,https://cdn.shopify.com/s/files/1/1082/9708/articles/3D_Cat_300x.jpg?v=1570632386
173,https://hackaday.com/wp-content/uploads/2020/10/3dpmarker_feat.jpg?w=800
174,https://3dprintingindustry.com/wp-content/uploads/2015/04/3D-hubs-and-makerbot-thingiverse-3D-printing-button.jpg
175,https://www.geeky-gadgets.com/wp-content/uploads/2013/10/MakerBot-Thingiverse-iOS-App.jpg
176,https://i.ytimg.com/vi/rTaajtmhpBQ/maxresdefault.jpg
177,https://e7.pngegg.com/pngimages/122/585/png-clipart-unmanned-aerial-vehicle-drone-racing-thingiverse-3d-printing-3d-modeling-others-miscellaneous-frame-thumbnail.png
178,https://thumbor.forbes.com/thumbor/511x414/https://blogs-images.forbes.com/andygreenberg/files/2012/11/Screen-Shot-2012-11-21-at-12.21.43-AM.jpg?width=960
179,https://i.pinimg.com/736x/3e/13/7d/3e137d1cc8b2e70b2f3557e67477dec5.jpg
180,https://www.aniwaa.com/wp-content/uploads/2017/03/The-thingiverse-repository-best-STL-files-to-download-free-STL-files-.jpg
181,https://www.tctmagazine.com/downloads/7946/download/thingiverse-developer.png?cb=5d816c36168fca30c9f5e59ce8feacfe
182,https://www.designnews.com/sites/designnews.com/files/styles/tax_top_story_main_retina/public/Design%20News/20151215_094229-01_preview_featured.jpeg?itok=L36jTe1r
183,"https://i.all3dp.com/cdn-cgi/image/fit=cover,w=473,h=266,gravity=0.5x0.5,format=auto/wp-content/uploads/2019/03/20092916/the-hyperbolic-pencil-holder-makealot-thingiverse-190313.jpg"
184,https://files.cults3d.com/uploaders/16202355/illustration-file/d92d4bd1-3a9c-49b8-a0a3-5092156b5df3/16042978460876825652652640045621_large.jpg
185,https://i2.wp.com/total3dprinting.org/wp-content/uploads/2020/04/Pinshape-thingiverse-alternatives.jpg?resize=750%2C369&ssl=1
186,https://edtechmagazine.com/k12/sites/edtechmagazine.com.k12/files/styles/cdw_hero/public/articles/3dprinting.jpg?itok=sgWb9tQu
187,https://cdn.thingiverse.com/renders/7d/91/d1/d1/0a/3.1-_001_Y-AS_SUPPORT_preview_featured.jpg
188,https://d3i71xaburhd42.cloudfront.net/b6e60c1b36f5e70e2063ffaefca56e565657cd76/30-Table8-1.png
189,https://ae01.alicdn.com/kf/H00aa86b0aff24111b0f058c15434cdd5B.jpg
190,https://3dprintingindustry.com/wp-content/uploads/2015/01/thingiverse-groups-3D-printing-subcultures.jpg
191,https://img.favpng.com/1/8/1/3d-printing-robot-thingiverse-arduino-3d-modeling-png-favpng-MQZPNmTWHXipHPu9NSJVF6XtL.jpg
192,https://e7.pngegg.com/pngimages/901/266/png-clipart-3d-printing-faucet-handles-controls-bathroom-arduino-thingiverse-modern-bathroom-design-ideas-2015-bathroom-toilet-thumbnail.png
193,https://i.pinimg.com/originals/f0/2f/1a/f02f1aaed3dbdb4ce07149c833f3c967.jpg
194,https://s3.amazonaws.com/makerbot-blog-old/wp-content/uploads/2018/01/05152012/Updated-Feb_18-100.jpg
196,https://www.pathstoliteracy.org/sites/pathstoliteracy.perkinsdev1.org/files/3D_printing_thingiverse_collage.jpg
197,https://3dprint.com/wp-content/uploads/2019/12/Snowflakes.png
198,https://miro.medium.com/max/4896/1*K7qCdXCcWsdN78KNSax7mQ.jpeg
199,https://cdn.thingiverse.com/renders/97/f2/25/6a/23/9f07090e760f4f094e448ec44b2e6738_preview_featured.jpg
200,https://i1.wp.com/total3dprinting.org/wp-content/uploads/2020/04/3dagogo-Best-Thingiverse-Alternatives.jpg?resize=750%2C536&ssl=1
201,"https://i.all3dp.com/cdn-cgi/image/fit=cover,w=360,gravity=0.5x0.5,format=auto/wp-content/uploads/2019/04/05230554/a-crocodile-head-found-on-thingiverse-thingiverse-190306_download.png"
202,https://www.tctmagazine.com/downloads/9106/download/Got%20sigils.jpg?cb=cbe950d8366588c8c1a7ec131e5cb5ae
203,https://3dprintingindustry.com/wp-content/uploads/2015/03/katamari-damacy-3D-printing-on-thingiverse-game.jpg
204,https://i.redd.it/43rrxxdzpon41.png
205,https://i.pinimg.com/originals/cb/c4/e6/cbc4e6b47e7029e22078da0b9df5f3ca.jpg
206,https://hackaday.com/wp-content/uploads/2020/09/Xbox-HOTAS-3d-printed.png?w=800
208,https://i.ytimg.com/vi/eXYpFLnrvgM/maxresdefault.jpg
209,"https://i.all3dp.com/cdn-cgi/image/fit=cover,w=309,h=173,gravity=0.5x0.5,format=auto/wp-content/uploads/2019/01/03151135/11Raspberry-Pi-4-Case-3DPrinting-Timelapse-%40adafruit-adafruit_Moment-1.jpg"
210,https://img.favpng.com/21/4/14/unmanned-aerial-vehicle-thingiverse-3d-printing-3d-modeling-drone-racing-png-favpng-YncZqPgC3hf4Tzj6mYzMJevcw.jpg
211,https://d3i71xaburhd42.cloudfront.net/b6e60c1b36f5e70e2063ffaefca56e565657cd76/31-Figure1-1.png
213,https://ae01.alicdn.com/kf/HTB1avTZAbSYBuNjSspiq6xNzpXag.jpg_q50.jpg
214,https://i.pinimg.com/736x/bb/2c/69/bb2c697ec2b69b005e4feffb222d265c.jpg
215,https://external-preview.redd.it/LiiW8V28sILVjN4LuTU49jgnQlpwHKkIev6l3s71_0k.jpg?auto=webp&s=4102551c9666fef3bfb563c9af9537ce71b1fcd0
216,https://cdn.thingiverse.com/assets/b9/bc/93/68/0c/DL1-MULBOT_ASSY-PG1.png
217,https://3qcbdntxdyb43ubh6h0b0qgz-wpengine.netdna-ssl.com/wp-content/uploads/2017/02/Tinkerblog2-700x455.png
218,https://i.pinimg.com/736x/cf/9f/fd/cf9ffd2ac8b5f77d2a8fe7af4fe79f1f.jpg
219,https://e7.pngegg.com/pngimages/340/838/png-clipart-3d-printing-3d-printers-prusa-i3-printer-electronics-3d-computer-graphics-thumbnail.png
220,https://ae01.alicdn.com/kf/HTB1VtgKAbSYBuNjSspfq6AZCpXaa/1set-Component-for-Nanodlp-shield-V2-1-PCB-for-SLA-Nano-printer-Thingiverse-TOS.jpg_q50.jpg
221,https://i.ytimg.com/vi/IgiirXMrODw/maxresdefault.jpg
222,https://img.favpng.com/12/25/3/3d-hubs-3d-printing-manufacturing-thingiverse-png-favpng-S1Us3VXcFeLNfz1QZ419AEiJ7.jpg
223,https://d3i71xaburhd42.cloudfront.net/d872b99e19e121585de663a57a468a48334c51d0/14-Figure1-1.png
224,https://cdn.thingiverse.com/renders/21/e5/67/5d/a5/my3DPrinter_preview_featured.jpg
225,"https://i.all3dp.com/cdn-cgi/image/fit=cover,w=309,h=173,gravity=0.5x0.5,format=auto/wp-content/uploads/2020/04/11162518/wcan.jpg"
226,https://3dprintingindustry.com/wp-content/uploads/2018/10/IMG_9100_preview_featured.jpg
227,https://3qcbdntxdyb43ubh6h0b0qgz-wpengine.netdna-ssl.com/wp-content/uploads/2018/10/Thingiverse.png
228,https://preview.redd.it/tgezahfvptp31.png?width=1164&format=png&auto=webp&s=0aea11435e178e7d2bf5c6f0dafd8e385bd58201
229,https://i.pinimg.com/originals/55/fb/48/55fb48312563fee8da4ea82a01569850.jpg
230,https://img.favpng.com/25/16/7/3d-hubs-3d-printing-3d-modeling-manufacturing-thingiverse-png-favpng-ypnhu35jXNXMSRf57z4YpPvjL.jpg
231,https://i.ytimg.com/vi/NbeTSBkCvvc/maxresdefault.jpg
232,https://cdn.thingiverse.com/renders/f5/50/fb/9d/57/1f19e6a0978524aeff65dcd8e1667035_preview_featured.jpg
234,"https://i.all3dp.com/cdn-cgi/image/fit=cover,w=309,h=173,gravity=0.5x0.5,format=auto/wp-content/uploads/2019/03/08161352/a-jointed-3d-printed-dragon-cults3d-190308_download.jpg"
235,https://i.pinimg.com/564x/b1/80/ac/b180ac9c5b8105047f899a2c7cb62540.jpg
236,https://3dprintingindustry.com/wp-content/uploads/2015/03/katamari-damacy-3D-printing-thingiverse-game.jpg
237,https://makerbot-blog-old.s3.amazonaws.com/wp-content/uploads/2014/01/Blog_02.jpg
238,https://cdn.thingiverse.com/assets/d6/54/cb/4b/85/featured_preview_Visera_Fija_Cerrada_v0.4_con_autolock.png
239,https://i.pinimg.com/originals/fb/bf/07/fbbf0771ad74240b2451bb7ab41346a8.jpg
240,https://i.ytimg.com/vi/eXYpFLnrvgM/hqdefault.jpg
241,"https://i.all3dp.com/cdn-cgi/image/fit=cover,w=1284,h=722,gravity=0.5x0.5,format=auto/wp-content/uploads/2016/01/27120311/syfylabs_promo_cantebury.jpg"
242,https://3dprintingindustry.com/wp-content/uploads/2016/02/makerbot-thingiverse-for-developers-3D-printing-program.png
243,https://i.redd.it/39hdff1ua3k51.png
244,https://cdn.thingiverse.com/renders/04/7f/6b/b2/f8/9a65c03224af644113f0e4dc87866a93_preview_featured.jpg
245,https://i.pinimg.com/originals/de/6b/c8/de6bc8d2175b605109d040df10f8402f.jpg
246,"https://i.all3dp.com/cdn-cgi/image/fit=cover,w=309,h=173,gravity=0.5x0.5,format=auto/wp-content/uploads/2018/05/30094446/cults-3d-model-sites.jpg"
247,https://cdn.thingiverse.com/renders/c4/62/95/77/f6/9442bbf95f6028f0f99576c5ad2c8bd2_preview_featured.jpg
248,https://i.pinimg.com/474x/67/fc/a4/67fca4033014f9454def7fca5921955a.jpg
249,https://i.ytimg.com/vi/Bl2ESvtBiLo/maxresdefault.jpg
250,https://3dprintingindustry.com/wp-content/uploads/2015/06/pinshape-vs-thingiverse-3D-printing-models.jpg
252,https://i.redd.it/rg6u0i1sjtf51.jpg
253,"https://i.all3dp.com/cdn-cgi/image/fit=cover,w=360,gravity=0.5x0.5,format=auto/wp-content/uploads/2020/07/12143415/Thingiverse-Batteries.jpg"
254,https://i.pinimg.com/736x/da/60/69/da60694dd45e0a29dd759eca9ba08689.jpg
255,https://3dprintingindustry.com/wp-content/uploads/2012/11/Action-Chess-set-by-Cymon.jpg
256,https://i.ytimg.com/vi/fq2IKp3jeaY/maxresdefault.jpg
257,https://cdn.thingiverse.com/assets/30/64/86/40/c5/featured_preview_01.jpg
258,"https://i.all3dp.com/cdn-cgi/image/fit=cover,w=1284,h=722,gravity=0.5x0.5,format=auto/wp-content/uploads/2016/07/27051830/watch2-e1469518678459.jpg"
259,https://i.pinimg.com/236x/22/a9/1a/22a91a766abfb33e968568405a6fd583.jpg
261,https://3dprintingindustry.com/wp-content/uploads/2018/01/J%C3%BCrgen-Otto-370x260.jpg
262,"https://i.all3dp.com/cdn-cgi/image/fit=cover,w=1284,h=722,gravity=0.5x0.5,format=auto/wp-content/uploads/2016/04/27110652/thingiverse_API_platform.jpg"
263,https://cdn.thingiverse.com/renders/c6/cb/fb/b6/15/6756e5ffa5799864c946b7770698f6a8_preview_featured.jpg
264,https://i.pinimg.com/736x/65/99/6e/65996eb863659cac79022fe75a2a8897.jpg
265,https://cdn.thingiverse.com/renders/20/3a/35/4f/c3/070d5d574236da6afbbafc1c430175ce_preview_featured.jpg
266,https://i.pinimg.com/736x/b8/45/c3/b845c385121e70da1da54d64720c91c2.jpg
267,https://3dprintingindustry.com/wp-content/uploads/2014/08/formlabs-3D-printer-manufacturer-1.png
268,"https://i.all3dp.com/cdn-cgi/image/fit=cover,w=473,h=266,gravity=0.5x0.5,format=auto/wp-content/uploads/2018/05/30094446/cults-3d-model-sites.jpg"
269,https://cdn.thingiverse.com/renders/f3/31/fb/32/42/cf2691ffdf39f7d16e5a403e0b9e83dc_preview_featured.jpg
270,https://i.pinimg.com/originals/74/c7/c3/74c7c355012ca416b728afb3957ef32d.jpg
271,https://3dprintingindustry.com/wp-content/uploads/2015/01/makerbot-launches-thingiverse-groups-for-3D-printing-club-copy-1.jpg
272,"https://i.all3dp.com/cdn-cgi/image/fit=cover,w=360,gravity=0.5x0.5,format=auto/wp-content/uploads/2018/10/01145535/the-search-interface-thingiverse-180922.png"
274,https://i.pinimg.com/originals/b2/ef/3d/b2ef3da080dbc1edbd86396a55adf30a.jpg
275,"https://i.all3dp.com/cdn-cgi/image/fit=cover,w=309,h=173,gravity=0.5x0.5,format=auto/wp-content/uploads/2017/07/27013424/92b96d0c783c76299a3fde9e05089aba_display_large.jpg"
276,https://3dprintingindustry.com/wp-content/uploads/2015/04/3D-hubs-and-thingiverse-team-up-with-3d-printing-button-1.jpg
277,https://cdn.thingiverse.com/renders/7f/24/3b/b5/d6/testPRint_preview_featured.jpg
278,https://i.pinimg.com/originals/9d/00/74/9d0074113de3f9577ce400d749d4f96e.jpg
279,https://i.all3dp.com/wp-content/uploads/2016/02/27113749/Hubsan-X4-box-by-HansvK-Thingiverse.png
280,https://cdn.thingiverse.com/renders/ea/75/6c/e1/f7/2dc741130e53532806d9a0cecad700cf_preview_featured.jpg
281,https://i.pinimg.com/originals/40/14/2e/40142e244ea15e9eee4382e8f3569fe2.jpg
282,https://cdn.thingiverse.com/renders/be/4c/3a/a8/d9/xyzCalibration_cube_preview_featured.jpg
283,"https://i.all3dp.com/cdn-cgi/image/fit=cover,w=309,h=173,gravity=0.5x0.5,format=auto/wp-content/uploads/2016/09/27042833/dual_extrusion_lowpoly_pokemon.jpg"
284,https://i.pinimg.com/originals/39/a9/2d/39a92d835027c3ac1adcf1d48ed4e36e.jpg
285,https://cdn.thingiverse.com/assets/fa/c6/80/67/ae/card_preview_Guidage_dair_Ventilateur_de_Buse.png
286,"https://i.all3dp.com/cdn-cgi/image/fit=cover,w=309,h=173,gravity=0.5x0.5,format=auto/wp-content/uploads/2019/03/13120537/Gadgets.jpg"
287,https://i.pinimg.com/736x/6c/12/d9/6c12d90e655df59cd384e9c0f0498da3.jpg
289,https://cdn.thingiverse.com/renders/87/b5/7e/38/3e/plug_test2_preview_featured.jpg
290,https://i.pinimg.com/originals/11/82/b5/1182b54f953badf76f40fc38624dbcac.jpg
291,"https://i.all3dp.com/cdn-cgi/image/fit=cover,w=309,h=173,gravity=0.5x0.5,format=auto/wp-content/uploads/2016/07/27051739/sla_3d_printing.jpg"
292,https://cdn.thingiverse.com/renders/e9/49/b3/a3/b7/d35aa2eb493cad47a7b3733073f846e2_preview_card.jpg
293,https://i.pinimg.com/originals/02/72/ec/0272ec1f1f6a6d41ab712db9032e7891.jpg
294,"https://i.all3dp.com/cdn-cgi/image/fit=cover,w=473,h=266,gravity=0.5x0.5,format=auto/wp-content/uploads/2018/09/26131844/180907.jpg"
295,https://cdn.thingiverse.com/renders/07/33/2c/50/25/FUSELAGE-2v2_preview_featured.jpg
296,https://i.pinimg.com/originals/5d/b8/e3/5db8e3c7415e92b2c01f45882cae6306.jpg
297,"https://i.all3dp.com/cdn-cgi/image/fit=cover,w=309,h=173,gravity=0.5x0.5,format=auto/wp-content/uploads/2017/06/27015917/11-Rick-sanchez.jpg"
298,https://cdn.thingiverse.com/assets/f0/bb/44/af/96/featured_preview_mala.jpg
299,https://i.pinimg.com/originals/b6/90/d5/b690d5bdd13e30db2a8b4db3d88b0f04.jpg
300,https://i.all3dp.com/wp-content/uploads/2020/03/23170057/Thingiverse-Navigation.jpg
301,https://cdn.thingiverse.com/renders/9f/f1/b3/27/21/a9aa81a7695c51d0768486be4238db9b_preview_featured.jpg
302,https://i.pinimg.com/originals/da/97/ba/da97bac4e337ede1a0b83c407d2c3d8a.jpg
303,https://cdn.thingiverse.com/renders/b1/62/9e/96/01/R0039316-1_preview_featured.jpg
304,"https://i.all3dp.com/cdn-cgi/image/fit=cover,w=960,gravity=0.5x0.5,format=auto/wp-content/uploads/2017/04/27024532/Screen-Shot-2017-04-10-at-5.07.38-PM.png"
305,https://i.pinimg.com/736x/43/30/a6/4330a614c86b6c06f06e2c4ad4199d36.jpg
306,https://cdn.thingiverse.com/renders/cf/e7/74/dd/b9/60d1513dcac465e02747d9660caa2375_preview_featured.jpg
307,"https://i.all3dp.com/cdn-cgi/image/fit=cover,w=360,gravity=0.5x0.5,format=auto/wp-content/uploads/2018/10/01145514/the-thingiverse-homepage-thingiverse-180922.png"
308,https://i.pinimg.com/736x/83/5e/7b/835e7b32d4e28301466558bda38358fc.jpg
310,"https://i.all3dp.com/cdn-cgi/image/fit=cover,w=360,gravity=0.5x0.5,format=auto/wp-content/uploads/2019/04/05230630/a-youngster-eagerly-waits-for-her-3d-project-to-pr-eiflnet-190403_download.jpg"
311,https://i.pinimg.com/originals/c6/08/d4/c608d4871a52232ea8e8dc014b9b0fa7.jpg
312,https://cdn.thingiverse.com/renders/2f/ab/e8/64/43/Proto_Buckle_preview_featured.jpg
313,"https://i.all3dp.com/cdn-cgi/image/fit=cover,w=360,gravity=0.5x0.5,format=auto/wp-content/uploads/2018/10/01145546/artichoke-lamp-by-gcreate-gcreate-thingiverse-180922.png"
314,https://i.pinimg.com/736x/db/f1/2e/dbf12e0591065ed1a03b9be80c4e9bc2.jpg
315,https://cdn.thingiverse.com/renders/0a/02/41/74/d4/72243b8d2254b36daa8010677f8b393f_preview_featured.jpg
316,https://i.pinimg.com/originals/57/d5/30/57d53039f69890b77d0b6588a5dd2de7.jpg
317,"https://i.all3dp.com/cdn-cgi/image/fit=cover,w=309,h=173,gravity=0.5x0.5,format=auto/wp-content/uploads/2019/02/25112031/a-3d-printed-fishing-rod-at-work-jhug-thingiverse-190214.jpg"
319,https://i.pinimg.com/originals/22/fb/4c/22fb4ca7c14f7a9c7bcc430086632b49.jpg
320,"https://i.all3dp.com/cdn-cgi/image/fit=cover,w=360,gravity=0.5x0.5,format=auto/wp-content/uploads/2019/04/05230607/a-retail-3d-print-shop-3d-printing-for-beginners-190322_download.jpg"
321,https://cdn.thingiverse.com/renders/5a/28/37/39/77/seat_tube_clemp_preview_featured.jpg
322,https://i.pinimg.com/originals/57/8b/93/578b93981decebd3b52b4ef6be1988c0.jpg
323,https://cdn.thingiverse.com/renders/b2/92/bf/78/20/9a7992ef0b766a7c55fbc20530dc7c8b_preview_featured.jpg
324,"https://i.all3dp.com/cdn-cgi/image/fit=cover,w=360,gravity=0.5x0.5,format=auto/wp-content/uploads/2018/10/01145524/the-explore-interface-thingiverse-180922.png"
325,https://i.pinimg.com/736x/aa/1e/d5/aa1ed543b0260068528354f306e45085.jpg
326,https://cdn.thingiverse.com/assets/6b/cd/71/b4/35/featured_preview_Print_Hooks.jpg
327,"https://i.all3dp.com/cdn-cgi/image/fit=cover,w=309,h=173,gravity=0.5x0.5,format=auto/wp-content/uploads/2019/07/25112232/Flexi.jpg"
328,https://i.pinimg.com/600x315/2c/c7/95/2cc79570006f55c95639d3f34101aca1.jpg
329,https://cdn.thingiverse.com/renders/b3/d2/2c/70/93/4118_Portasapone_by_Francesco_Pacelli_%2BLAB_21_preview_featured.jpg
330,https://i.pinimg.com/736x/39/65/9b/39659b7809a0ab8ce541d9c976d609c5.jpg
331,"https://i.all3dp.com/cdn-cgi/image/fit=cover,w=1284,h=722,gravity=0.5x0.5,format=auto/wp-content/uploads/2020/10/16111358/who-needs-a-real-diamond-anyway-3d-mon-via-cults-200708.jpg"
332,https://cdn.thingiverse.com/renders/d1/ce/eb/78/ad/November_02__2014_at_0414PM_preview_featured.jpeg
333,https://i.pinimg.com/736x/46/c2/b0/46c2b02cd2be36d59368b112e8b4728a.jpg
334,"https://i.all3dp.com/cdn-cgi/image/fit=cover,w=360,gravity=0.5x0.5,format=auto/wp-content/uploads/2017/09/27002700/Thingiverse-Phone-Cases.png"
335,https://cdn.thingiverse.com/renders/ee/60/53/25/44/0bb7449d6ded313e5bac7dadbfda8f59_preview_featured.jpg
336,https://i.pinimg.com/474x/4f/e3/02/4fe302280c2b834af7eb20a10c7c4138.jpg
337,"https://i.all3dp.com/cdn-cgi/image/fit=cover,w=360,gravity=0.5x0.5,format=auto/wp-content/uploads/2018/10/08132059/All3DP.jpg"
338,https://cdn.thingiverse.com/renders/b7/ec/2c/d7/64/5d33b3de6bc1cb76ba44d3edc8fb77a6_preview_featured.jpg
339,https://i.pinimg.com/originals/dc/76/c9/dc76c9f4e6a7186a2d184012c6075039.png
340,"https://i.all3dp.com/cdn-cgi/image/fit=cover,w=360,gravity=0.5x0.5,format=auto/wp-content/uploads/2019/04/05230624/several-color-choices-available-for-your-3d-print-all3dp-190322_download.jpg"
341,https://cdn.thingiverse.com/assets/32/0a/fc/f2/d9/featured_preview_thumbnail_V11.2_thingiverse.png
342,https://i.pinimg.com/originals/e3/d3/16/e3d316af643b9b0d83cce0aefef6809f.png
343,"https://i.all3dp.com/cdn-cgi/image/fit=cover,w=360,gravity=0.5x0.5,format=auto/wp-content/uploads/2020/09/23131315/Cool-Things-Fllight-Sim-Joystick.jpg"
344,https://cdn.thingiverse.com/renders/18/1d/ed/50/f0/13fc7e93a2e61191d3000b0d5e04b897_preview_featured.jpg
345,https://i.pinimg.com/736x/f0/60/fd/f060fd01870717e8c9c1bce3b9d982b6.jpg
346,"https://i.all3dp.com/cdn-cgi/image/fit=cover,w=473,h=266,gravity=0.5x0.5,format=auto/wp-content/uploads/2017/03/27025602/Fidget-Cube.jpg"
347,https://cdn.thingiverse.com/renders/28/1d/58/b0/ce/4909484077f96fbfde48de38c934fe8a_preview_card.jpg
348,https://i.pinimg.com/736x/ee/ea/01/eeea01f3ec98ab15c7c854b424dbfc7e.jpg
349,"https://i.all3dp.com/cdn-cgi/image/fit=cover,w=360,gravity=0.5x0.5,format=auto/wp-content/uploads/2019/04/05230600/download-your-thingiverse-files-from-the-thing-fil-all3dp-190405_download.jpg"
350,https://cdn.thingiverse.com/renders/cf/11/c6/28/5d/fc726dda79dbce47741d48fdb268faf1_preview_card.jpg
351,https://i.pinimg.com/originals/20/61/34/206134c7cf034df8710308904d7760c8.png
353,"https://i.all3dp.com/cdn-cgi/image/fit=cover,w=473,h=266,gravity=0.5x0.5,format=auto/wp-content/uploads/2019/04/03211819/unassuming-but-much-needed-the-3d-printed-hinges-desktop-metal-190329.jpg"
354,https://i.pinimg.com/originals/60/20/c9/6020c9a98be222f266ee0024c8434676.jpg
355,https://cdn.thingiverse.com/assets/73/5b/70/9c/1d/featured_preview_Double_Filter_Cover_and_Insert.png
356,https://i.all3dp.com/wp-content/uploads/2020/09/28172508/optinmonster-flow.jpg
357,https://i.pinimg.com/originals/d1/44/47/d144478166818923a4b6174f8af174fd.jpg
358,https://cdn.thingiverse.com/renders/39/6d/52/b0/f8/156005c5baf40ff51a327f1c34f2975b_preview_featured.jpg
359,"https://i.all3dp.com/cdn-cgi/image/fit=cover,w=309,h=173,gravity=0.5x0.5,format=auto/wp-content/uploads/2017/06/27015539/joyconknuckles.jpg"
360,https://i.pinimg.com/originals/3a/ab/69/3aab69ec64e6638cfad9299fdbc43733.png
361,https://cdn.thingiverse.com/renders/ba/8e/63/8f/c8/372a58e5326f80a94f5dfaf35b1ff305_preview_featured.jpg
362,"https://i.all3dp.com/cdn-cgi/image/fit=cover,w=360,gravity=0.5x0.5,format=auto/wp-content/uploads/2020/10/14143428/try-printing-a-temperature-tower-if-these-temperat-krpavlu-via-thingiverse-201012_download.jpg"
363,https://i.pinimg.com/736x/30/26/19/302619f017acb98602539ea99f4e1f4b.jpg
364,https://cdn.thingiverse.com/renders/12/4f/26/56/50/ToyREP-Fan_preview_featured.jpg
365,https://i.pinimg.com/originals/e2/df/59/e2df59110f73d025996387e0b4104de3.jpg
366,"https://i.all3dp.com/cdn-cgi/image/fit=cover,w=360,gravity=0.5x0.5,format=auto/wp-content/uploads/2018/10/01145553/the-download-interface-thingiverse-180922.png"
367,https://cdn.thingiverse.com/renders/f8/fc/4a/eb/4d/my3DPrinter_preview_featured.jpg
368,https://i.pinimg.com/736x/c0/c3/60/c0c360417620a0eb6f12126931713a04.jpg
369,https://cdn.thingiverse.com/renders/a4/cf/75/6e/53/jmilImprovedZUpperIdlerMount2off_fixed_preview_featured.jpg
370,https://i.pinimg.com/originals/76/27/99/7627992fc34586dcc9a9cfe460380c39.jpg
371,"https://i.all3dp.com/cdn-cgi/image/fit=cover,w=240,h=135,gravity=0.5x0.5,format=auto/wp-content/uploads/2020/04/11162518/wcan.jpg"
372,https://cdn.thingiverse.com/renders/8a/9d/89/9f/43/octopus3-thing_preview_featured.jpg
373,https://i.pinimg.com/originals/87/01/11/870111a498c1c3388f81528ed2241bcf.png
374,"https://i.all3dp.com/cdn-cgi/image/fit=cover,w=360,gravity=0.5x0.5,format=auto/wp-content/uploads/2018/08/26133740/a-cat-cookie-why-not-thingiverse-180822.jpg"
375,https://cdn.thingiverse.com/renders/29/f1/92/68/f2/e38de232b8ac5b53ab1935bdbfc5ca8f_preview_featured.jpg
376,https://i.pinimg.com/originals/bc/de/fa/bcdefa35a2be2ff5396008155a3ee5c6.png
377,https://cdn.thingiverse.com/renders/de/e0/fc/c7/19/5b46614de12012e688e8ef901e8b1892_preview_featured.jpg
378,https://i.pinimg.com/736x/da/d2/33/dad233c92afb99c0f2391c287be0f71e.jpg
379,https://cdn.thingiverse.com/renders/8a/2c/6c/3f/96/L-R-TAIL-TIP_preview_featured.jpg
380,https://i.pinimg.com/600x315/0d/a4/ef/0da4efa2f789e12385405bc353ac6019.jpg
381,https://cdn.thingiverse.com/renders/23/48/68/99/95/05b3e764b12b3606fb64440d8d6215a2_preview_featured.jpg
382,https://i.pinimg.com/736x/ad/53/3c/ad533cb75d605d9ef20712e9e55a3f8c.jpg
383,https://cdn.thingiverse.com/renders/8e/71/bb/71/ff/8cdf675faa5f35af714436c714459ba7_preview_featured.jpg
384,https://i.pinimg.com/originals/44/9b/d9/449bd9801c6a584a4d2a4e1458067ba4.jpg
385,https://cdn.thingiverse.com/renders/c8/48/a0/21/a5/Full_Guitar_preview_featured.jpg
386,https://i.pinimg.com/236x/8b/96/56/8b96562d470f7ffcce2333573ec8d6c4.jpg
387,https://cdn.thingiverse.com/renders/89/62/b9/7f/33/d57cde82b34176dd834d7f6774f3321c_preview_featured.jpg
388,https://i.pinimg.com/originals/4e/72/3b/4e723b8016f20195c738d76d29492cb9.jpg
389,https://cdn.thingiverse.com/assets/52/48/c5/ea/9b/Launch_app.png
390,https://i.pinimg.com/originals/3c/90/dd/3c90dd9a4585f8bfd50a028d7dc70f83.jpg
391,https://cdn.thingiverse.com/renders/05/09/03/f3/a3/ab659fc414740a13c6722c05e6ada40c_preview_featured.jpg
392,https://i.pinimg.com/736x/a9/6c/ce/a96cce2a187cf9afceec578467a55e8f.jpg
394,https://i.pinimg.com/originals/e2/ec/25/e2ec25eae591cfcda212b78f6f214c9f.jpg
395,https://cdn.thingiverse.com/renders/f7/35/df/12/a4/244d953536c7bd848765925d88086fc6_preview_featured.jpg
396,https://i.pinimg.com/736x/98/de/4c/98de4cb4e9981a9e46a5a194c5378b7a.jpg
397,https://cdn.thingiverse.com/renders/af/0b/50/7e/bc/dd184fe1b13a2477b6ae005a39478e2e_preview_featured.jpg
398,https://i.pinimg.com/736x/ec/75/68/ec7568208709fc23db0eee226e0888c2.jpg
400,https://i.pinimg.com/originals/9f/5d/07/9f5d075355c4eebbe086c8242c5cb020.jpg
401,https://cdn.thingiverse.com/renders/92/3a/d3/35/38/LM_Mule_scale_1-10_preview_featured.jpg
402,https://i.pinimg.com/564x/f0/7a/83/f07a830de9865544520de87bc10524f8.jpg
403,https://cdn.thingiverse.com/renders/8e/5f/6f/da/68/0d447631e69e7a82107982fc88ded266_preview_featured.jpg
404,https://i.pinimg.com/originals/39/61/aa/3961aa2150d2ac4b563be36fe4d3154e.jpg
405,https://cdn.thingiverse.com/renders/e8/da/18/d4/82/296113f5b75ef6b32837574d05a400da_preview_featured.jpg
406,https://i.pinimg.com/originals/36/12/b6/3612b63623a72dafa9ece8b955ef9849.jpg
407,https://cdn.thingiverse.com/renders/c5/e9/05/c2/8b/__preview_featured.jpg
408,https://i.pinimg.com/736x/7c/30/82/7c3082dbfb9bca6f795a94d6023dac0a.jpg
410,https://i.pinimg.com/originals/80/2c/2f/802c2ffdbfd72dc972648ae8f5f3da62.jpg
412,https://i.pinimg.com/originals/27/82/df/2782df617a0ee133cd3234f8228d02da.jpg
413,https://cdn.thingiverse.com/renders/07/9d/56/11/bd/473ea71b0023ddc03b5a45154e2363dc_preview_featured.jpg
414,https://i.pinimg.com/736x/b1/51/7c/b1517c472f7da946d2a1893c1a486070.jpg
415,https://cdn.thingiverse.com/renders/d7/20/8d/b4/af/overhang_test_preview_featured.jpg
416,https://i.pinimg.com/originals/19/70/ad/1970ad0daf5ccce798efb7a162279df8.jpg
417,https://cdn.thingiverse.com/assets/c4/70/dd/f1/b9/featured_preview_plana_2.jpg
418,https://i.pinimg.com/736x/f4/fc/b4/f4fcb4e883d7bb83ce76513e1e7aad20.jpg
419,https://cdn.thingiverse.com/renders/d0/ef/2a/d8/6a/Front_preview_featured.jpg
420,https://i.pinimg.com/originals/1b/55/ce/1b55ce2606860243ca51f35c2e977203.jpg
421,https://cdn.thingiverse.com/renders/e8/76/53/96/cb/November_02__2014_at_0413PM_preview_featured.jpeg
422,https://i.pinimg.com/736x/e5/3e/05/e53e05d1e8cac282a8e8cde6d7fd63d5.jpg
423,https://cdn.thingiverse.com/renders/2c/84/d1/64/13/1b25ee02759e1a9d467924284f80670d_preview_featured.jpg
424,https://i.pinimg.com/736x/6a/d6/27/6ad627cab814bc17365c0786cd524731.jpg
426,https://i.pinimg.com/originals/3e/5b/87/3e5b878a1d591e028430f758cfe81a45.jpg
428,https://i.pinimg.com/474x/60/4e/f9/604ef934e5a60ec7f4a2861bc87129fd.jpg
429,https://cdn.thingiverse.com/renders/c4/28/f2/d8/f7/33f8661acdc2d3726501258a1f1ffae3_preview_featured.jpg
430,https://i.pinimg.com/originals/4b/16/7a/4b167a72d71fa413667b59d504de2f48.jpg
431,https://cdn.thingiverse.com/assets/a7/c6/4b/0b/24/card_preview_11.jpg
432,https://i.pinimg.com/originals/83/53/78/835378f0d283c3020ef192e1237ed352.jpg
433,https://cdn.thingiverse.com/renders/f7/21/3b/e8/b2/IMG_1269_display_large_preview_featured.jpg
434,https://i.pinimg.com/originals/74/3d/d9/743dd93c3ba46639cd091852847e913e.jpg
435,https://cdn.thingiverse.com/renders/f5/7f/74/39/eb/2ced141f46815d78aab9cbd264f9daca_preview_featured.jpeg
436,https://i.pinimg.com/originals/8d/89/68/8d8968c868aa7260076f469d2e5104ae.jpg
437,https://cdn.thingiverse.com/renders/62/5d/01/43/2d/7504916840_ee2415e645_o_display_large_preview_featured.jpg
438,https://i.pinimg.com/736x/f8/24/aa/f824aa6b1ef138aea9a343545de3a815.jpg
439,https://cdn.thingiverse.com/renders/51/98/bb/ef/b5/6c74d55c201cb8e47533232c425fb15e_preview_featured.jpg
440,https://i.pinimg.com/originals/de/82/8c/de828c4288560e6bc4013d48bb6d4958.jpg
441,https://cdn.thingiverse.com/renders/ce/cb/98/22/51/8136619a0431690d57e630abce37fe6e_preview_featured.jpg
442,https://i.pinimg.com/originals/19/f3/6b/19f36b7094484f1563ab53ebc84f7a49.jpg
443,https://cdn.thingiverse.com/renders/d4/e9/81/bf/5a/VERTICAL-TAIL-RUDDER_preview_featured.jpg
444,https://i.pinimg.com/originals/3e/b6/54/3eb654a92737f0e9e9671e0b065cd08e.jpg
445,https://cdn.thingiverse.com/renders/3b/c7/30/31/ce/fa6cd22f0a97646653c86dddee5f1355_preview_featured.jpg
446,https://i.pinimg.com/originals/d8/bc/dd/d8bcdd636e666567d953a35a55ba640e.jpg
448,https://i.pinimg.com/736x/6d/39/41/6d3941d9bbddbc7172d9be48f6963cb5.jpg
449,https://cdn.thingiverse.com/renders/e7/c8/d3/f7/d2/PushClamp2_preview_featured.jpg
450,https://i.pinimg.com/736x/85/f4/70/85f4706c6055ba930672981bf77c9796.jpg
451,https://cdn.thingiverse.com/renders/89/f1/6a/7b/8a/93a35d5d83eca78d374982d2bf9875cc_preview_featured.jpg
452,https://i.pinimg.com/736x/8b/34/c9/8b34c96d386f628f4be8afdab5ecceaa.jpg
454,https://i.pinimg.com/736x/1b/b1/57/1bb157ddfde633535bccfb5688f7c6af.jpg
455,https://cdn.thingiverse.com/renders/b8/79/b1/04/c2/93ecd0282193deae6d6e2cd3f41bfba3_preview_featured.jpg
456,https://i.pinimg.com/originals/f9/c0/d0/f9c0d09ded83945d8bb75ba3598fe47a.jpg
457,https://cdn.thingiverse.com/renders/30/4d/3f/0d/7c/a7c9b0007b56dec1db02952eee416cd6_preview_featured.jpg
458,https://i.pinimg.com/originals/ff/48/74/ff4874657375b570c05a6d3f7f594d10.jpg
459,https://cdn.thingiverse.com/renders/4c/f4/aa/23/f7/994d87b3f1ef0508d1689630676467bf_preview_featured.jpg
460,https://i.pinimg.com/736x/36/17/12/36171218549414475d525f48f953b3f8.jpg
462,https://i.pinimg.com/originals/52/a7/85/52a785d4f597c129ab5152b8067f7e1e.png
463,https://cdn.thingiverse.com/assets/52/0d/a6/ca/16/card_preview_11-min.png
464,https://i.pinimg.com/originals/10/5f/af/105faf8d952c130cc28a3d0f9c8effb2.jpg
465,https://cdn.thingiverse.com/renders/04/e9/a6/91/d3/aa29a7aba9c8711835494fb51cfa5419_preview_featured.jpg
466,https://i.pinimg.com/736x/b9/d3/60/b9d3606a68b6a9ae2e541ba2327d401b.jpg
467,https://cdn.thingiverse.com/renders/95/22/16/34/66/2015-08-09_20-36-48_26_preview_featured.jpg
468,https://i.pinimg.com/736x/22/30/79/22307908480bda8035924828ee4a5fab.jpg
469,https://cdn.thingiverse.com/assets/80/36/fb/0d/56/featured_preview_HevORT_Poster.png
470,https://i.pinimg.com/originals/26/ef/dd/26efdd500f78ca80c63c8ae42ecaf00e.jpg
471,https://cdn.thingiverse.com/renders/6c/f2/02/98/6e/e96dcb0380fec911216804015e0120b9_preview_featured.jpg
472,https://i.pinimg.com/originals/f9/b6/29/f9b6296b429d682c88d4edfdf8ee7ea5.jpg
473,https://cdn.thingiverse.com/renders/80/f9/78/37/31/dd15a1c1efb998ea79eebd0992d1d729_preview_featured.jpg
474,https://i.pinimg.com/736x/69/f3/9a/69f39a8bfeb9b0c9683957f7bb4b157e.jpg
475,https://cdn.thingiverse.com/renders/23/d9/ac/39/56/a5f9b89be9b45f03b3f2958a0f60aea5_preview_featured.jpg
476,https://i.pinimg.com/736x/e6/91/62/e6916272d8e16c5569c3e0e34bb529e4.jpg
477,https://cdn.thingiverse.com/renders/b3/0f/b6/ef/ab/66074f67a19cb96fdcbebb6683a2aadd_preview_featured.jpg
478,https://i.pinimg.com/originals/e2/70/10/e27010310f38f89da0a3aa700839703f.jpg
479,https://cdn.thingiverse.com/renders/7d/ab/e5/77/05/spacer_for_the_handlebars_preview_featured.jpg
480,https://i.pinimg.com/736x/6e/c1/97/6ec19714c630a5e24cfd876f00ed44fa.jpg
481,https://cdn.thingiverse.com/renders/94/4b/92/3d/f5/boat1_preview_featured.jpg
482,https://i.pinimg.com/736x/67/78/0c/67780cab033c0b433465d1b2c0e56ed0.jpg
483,https://cdn.thingiverse.com/renders/aa/fd/82/e4/1e/04fce88f08931e102823f92abd898cc6_preview_featured.jpg
484,https://i.pinimg.com/600x315/6f/f4/dd/6ff4dd0beefb07e5d29d241061990660.jpg
486,https://i.pinimg.com/originals/bf/1a/8c/bf1a8cf2ee7b2ea894a4772fe97aa2a0.jpg
487,https://cdn.thingiverse.com/renders/7c/83/ab/b3/b1/bbStock24TGear_preview_featured.jpg
488,https://i.pinimg.com/736x/43/01/dc/4301dc5f0ea47b90e51758443df736a1.jpg
490,https://i.pinimg.com/originals/00/55/f7/0055f791b16742a55a96eba2a62f8b78.jpg
491,https://cdn.thingiverse.com/renders/ab/ac/56/b4/50/5057618484_074e932291_o_display_large_preview_featured.jpg
492,https://i.pinimg.com/600x315/5c/fd/f4/5cfdf40bfe86788955a5f22d1b6617b2.jpg
493,https://cdn.thingiverse.com/renders/5d/72/83/52/9f/d133ea841755c7b79a8ca072be5db723_preview_featured.jpg
494,https://i.pinimg.com/originals/43/62/dd/4362ddb8b5d3b5eb1025833172b56625.jpg
495,https://cdn.thingiverse.com/renders/ce/37/f6/7c/e0/XY_resonance_test_preview_featured.jpg
496,https://i.pinimg.com/736x/e7/72/42/e772420e6d6e11fd08763b948add018d.jpg
497,https://cdn.thingiverse.com/renders/c9/1e/a4/50/57/Escapement_Wheel_preview_featured.jpg
498,https://i.pinimg.com/474x/b4/a3/17/b4a3172d6dede4ed8bc8dcf0f7953742.jpg
499,https://cdn.thingiverse.com/renders/c6/d1/bd/26/12/fbde3daf1330a0fdb3b9756edf561963_preview_featured.jpg
500,https://i.pinimg.com/originals/2f/14/b9/2f14b949e651d57e8ca6395e7d265761.png
501,https://cdn.thingiverse.com/renders/e4/f1/26/d4/e9/3DPMM_2_4_preview_featured.jpg
502,https://i.pinimg.com/originals/26/be/df/26bedf1abbe68ada9d633207f4d1759f.jpg
503,https://cdn.thingiverse.com/assets/d4/91/2f/3f/1f/featured_preview_thingiverse.png
504,https://i.pinimg.com/600x315/fa/89/27/fa8927287dcbd90ba833cc602104b59f.jpg
505,https://cdn.thingiverse.com/renders/9e/85/b3/46/42/e3a99bd15a5065753c1b63e71de63cdd_preview_featured.jpg
506,https://i.pinimg.com/736x/c3/a1/c5/c3a1c54fa6c59cc23e186b61a2007800.jpg
507,https://cdn.thingiverse.com/assets/b2/0e/8f/54/ae/featured_preview_69563896_409057643056127_1562513788094119936_n.jpg
508,https://i.pinimg.com/736x/94/fc/18/94fc18218751eee8ed443227a859390d.jpg
509,https://cdn.thingiverse.com/renders/b1/1e/10/9e/e4/5cdd93b04dc0a4b423249111d9aab9cb_preview_featured.jpg
510,https://i.pinimg.com/564x/c9/84/7d/c9847de20fb18b05ec7820fa6c3f3ba2.jpg
511,https://cdn.thingiverse.com/renders/5e/96/c6/41/46/f99cc700ec3c3492a93dbb4d5ada443c_preview_featured.jpg
512,https://i.pinimg.com/736x/9b/c3/30/9bc33066bd5e4ee71adfe2c550996e9e.jpg
513,https://cdn.thingiverse.com/renders/a6/81/62/cc/c0/OBX_006_preview_featured.jpg
514,https://i.pinimg.com/originals/2b/49/ac/2b49ac21f0875175a85726ceeba100cd.jpg
515,https://cdn.thingiverse.com/renders/dc/07/3d/b9/46/bb1dae9d8cf52fee61b245c1042a1386_preview_featured.jpg
516,https://i.pinimg.com/originals/b1/6f/54/b16f54785207d149d606c4048ae1aebf.jpg
517,https://cdn.thingiverse.com/assets/bc/c0/31/93/df/card_preview_20191030_143906.jpg
518,https://i.pinimg.com/564x/c7/5f/34/c75f3481e9ad59599ee9ae844cdbf574.jpg
519,https://cdn.thingiverse.com/renders/9a/29/68/90/00/50650557c30900a365b0eadc3d8654bf_preview_featured.jpg
520,https://i.pinimg.com/originals/c8/b3/34/c8b3345099948796434c2ac3fe00bfcb.jpg
522,https://i.pinimg.com/564x/ed/0a/f7/ed0af7752ffb6747875ff7a917e071ad.jpg
523,https://cdn.thingiverse.com/renders/ea/04/d6/ef/4f/01a1a3f42fcb7b3e60b931b11128cfa4_preview_featured.jpg
524,https://i.pinimg.com/736x/80/8c/0b/808c0baf3a243cdb294027232ce3fe47.jpg
525,https://cdn.thingiverse.com/renders/fb/ba/a5/8e/86/eb7c2bb05003dd5c1d6b32a9fbc0b335_preview_featured.jpg
526,https://i.pinimg.com/originals/cc/01/99/cc0199bc82025cf501ce2baa74e360cb.png
527,https://cdn.thingiverse.com/renders/8a/08/6c/27/9b/d0846198d2410baa9ad4f54c0cb11cc9_preview_featured.jpg
528,https://i.pinimg.com/474x/17/5e/91/175e917abbdae9468b13cc1ae200144d.jpg
529,https://cdn.thingiverse.com/renders/d0/de/5c/0a/e1/43fc3fbac6ce900e9b86c4d5547b467e_preview_featured.jpg
530,https://i.pinimg.com/originals/26/b4/b5/26b4b529f5ef0d4ea83e3888f09d0e65.jpg
531,https://cdn.thingiverse.com/renders/eb/1f/e5/83/b3/IMG_1266_display_large_preview_featured.jpg
532,https://i.pinimg.com/originals/c1/01/bc/c101bcaa4bbde79667f1a40df8aded84.jpg
533,https://cdn.thingiverse.com/renders/7e/49/9b/24/d6/Dropout_right_preview_featured.jpg
534,https://i.pinimg.com/originals/ba/00/c6/ba00c64aa19ab505a870c60020492861.jpg
535,https://cdn.thingiverse.com/assets/a7/97/99/e8/61/card_preview_IMG_5333.jpg
536,https://i.pinimg.com/originals/88/7a/df/887adfdb4e7733b2b9cabd8696678ef4.jpg
537,https://cdn.thingiverse.com/assets/ff/28/a0/81/40/card_preview_Mavic_Air_Fishing_Bait.png
538,https://i.pinimg.com/originals/8d/a0/d5/8da0d5cfd622ae8d960a2cefd4bd6e79.jpg
539,https://cdn.thingiverse.com/renders/d6/38/d4/97/fd/1a6bdbe68fa37aceda8653130f05cdad_preview_featured.jpg
540,https://i.pinimg.com/originals/a4/68/82/a468827fac0165e3e400b23344c34585.png
541,https://cdn.thingiverse.com/renders/eb/45/51/83/14/2d7d8b227d2480f22a00e6d76d6df5ae_preview_featured.jpeg
542,https://i.pinimg.com/originals/08/34/b1/0834b14eca2dabd1b01c95c712b25365.jpg
543,https://cdn.thingiverse.com/renders/90/14/6d/d0/96/dafecba3d9e7afd79ebed875f3be299a_preview_featured.jpg
544,https://i.pinimg.com/736x/53/f9/f5/53f9f5e29ccc05ab0d87d5958687e0e5.jpg
545,https://cdn.thingiverse.com/assets/47/2c/c8/87/04/featured_preview_91785972_2942343272524687_1673927455955484672_n.jpg
546,https://i.pinimg.com/736x/ae/04/21/ae04210a68765093163b6271dc405d6a.jpg
547,https://cdn.thingiverse.com/renders/06/8c/76/45/a2/d5f037d6c14163361dc8f3b3ea3c1ff9_preview_featured.jpg
548,https://i.pinimg.com/originals/6b/b4/9c/6bb49c833e8eeb09a8f778e53d92b733.jpg
549,https://cdn.thingiverse.com/renders/b7/80/c7/e3/93/7431920548_4b6465dde5_o_display_large_preview_featured.jpg
550,https://i.pinimg.com/originals/88/b7/f9/88b7f9b98018ec7d0e31f9112273dc21.jpg
552,https://i.pinimg.com/originals/0b/07/4f/0b074f2d25d9ce8c13b34bc73ff86794.jpg
553,https://cdn.thingiverse.com/renders/72/a8/1d/3e/cf/3DBenchy_multi-part_exploded_view_illustration_preview_featured.jpg
554,https://i.pinimg.com/736x/72/67/94/726794277230217c688af1b10e06ddb3.jpg
555,https://cdn.thingiverse.com/renders/f9/f4/aa/53/87/6364885901_7d29ff2559_o_display_large_preview_featured.jpg
556,https://i.pinimg.com/originals/9d/13/24/9d13249126f9477ab22ad54e665f617c.png
558,https://i.pinimg.com/originals/98/e4/30/98e4300285bf44c6a131d2972bcd0c16.jpg
560,https://i.pinimg.com/originals/6b/f9/41/6bf941cd3ff5eb0a6872c05fa09f554b.jpg
562,https://i.pinimg.com/originals/0a/aa/5d/0aaa5da3c01f1109c0c60560b1ed72ba.png
563,https://cdn.thingiverse.com/renders/aa/18/c0/1c/0e/8d86f4a566b25cd3ad735d3dccee3e85_preview_featured.jpg
564,https://i.pinimg.com/originals/a3/5d/3e/a35d3e787c43c99041cee22e780b87ed.jpg
565,https://cdn.thingiverse.com/renders/13/16/68/8b/69/Wool_Winder_display_large_preview_featured.jpg
566,https://i.pinimg.com/originals/7e/00/19/7e00194ecef61ff4c86d73a47c95086d.jpg
567,https://cdn.thingiverse.com/renders/13/86/ed/f1/f7/116f29bbcdfb2c61d1e36932f3b78b32_preview_card.jpg
568,https://i.pinimg.com/474x/8b/4b/50/8b4b50b6d828b707ae8f491ca657ace6.jpg
569,https://cdn.thingiverse.com/renders/fb/e6/21/1f/a4/vid_3dprinter_preview_featured.jpg
570,https://i.pinimg.com/736x/0e/3d/c1/0e3dc1bab644986abd3ebf099a97087f.jpg
571,https://cdn.thingiverse.com/assets/6b/57/53/30/79/card_preview_hugelatch11_-_Kopie.jpg
572,https://i.pinimg.com/564x/29/f0/53/29f053bb510c3623ef8a633358f98fb5.jpg
573,https://cdn.thingiverse.com/renders/4a/df/29/c9/10/Braverman_1H2A4441_preview_featured.jpg
574,https://i.pinimg.com/originals/e8/52/bc/e852bc7b3dea3e65d8c7f39ddd367585.jpg
576,https://i.pinimg.com/736x/64/22/f2/6422f2ddd4ffe0e57a122c4db9c5bd6f.jpg
578,https://i.pinimg.com/736x/c2/e5/40/c2e5402629c0e98206beba17cebcdd91.jpg
580,https://i.pinimg.com/474x/2f/38/3f/2f383fa7046fb4e32bf42bd2edc4360e.jpg
581,https://cdn.thingiverse.com/assets/03/8c/cb/f2/a7/featured_preview_dbb57b5bb1.jpg
582,https://i.pinimg.com/736x/78/57/3e/78573e6d74de193a01a120f1f8348a68.jpg
583,https://cdn.thingiverse.com/renders/79/42/f1/e9/2c/924b58255cad36269081a85e430ccc06_preview_featured.jpg
584,https://i.pinimg.com/736x/de/00/8b/de008bdc1990ee50c89da2b98ccb8277.jpg
585,https://cdn.thingiverse.com/renders/7d/96/11/1d/b8/2acb94856078568e38817087d16244e2_preview_featured.jpg
586,https://i.pinimg.com/originals/ff/d5/67/ffd567aa2b1e126d585e01a788ffce73.jpg
588,https://i.pinimg.com/originals/cb/20/3d/cb203d1366a2246d7914f59940e2283d.jpg
589,https://cdn.thingiverse.com/assets/ef/c5/c5/b2/e2/Compact_v55.png
590,https://i.pinimg.com/564x/6b/c4/5d/6bc45df8738914d64f7aa2d251ac8fc0.jpg
591,https://cdn.thingiverse.com/renders/8f/0b/75/fd/ad/3D_Printed_Exoskeleton_Profile_Picture_2-Square_preview_featured.jpg
592,https://i.pinimg.com/originals/8a/72/d6/8a72d6e1822d19e4747de8bc84fa5f7c.jpg
593,https://cdn.thingiverse.com/renders/f8/01/bb/46/24/3.1-005_geleidewiel_preview_featured.jpg
594,https://i.pinimg.com/originals/79/94/a6/7994a6937ad8c192c6dc14b7433f01a4.jpg
595,https://cdn.thingiverse.com/renders/f3/0f/6e/c4/03/Dual-print_multi-part_color_3D_print_of_3DBenchy_v46_preview_featured.jpg
596,https://i.pinimg.com/736x/9e/ea/83/9eea8303cbce1298686ae623924a0fe6.jpg
597,https://cdn.thingiverse.com/assets/9d/7f/55/86/88/featured_preview_mockup0.png
598,https://i.pinimg.com/736x/d9/1b/fa/d91bfa11194451bf641f8a55157e4a2e.jpg
599,https://cdn.thingiverse.com/assets/98/99/34/15/52/card_preview_first_photo_2.jpg
600,https://i.pinimg.com/originals/ea/c5/f8/eac5f8c1fdc587a4ca58065e0dd86361.jpg
601,https://cdn.thingiverse.com/assets/50/65/8c/af/1f/card_preview_Xiaomi_stand_for_Artillery_Genius.png
602,https://i.pinimg.com/736x/7f/9c/63/7f9c638c521a0b2ae22b30fdad8f1662.jpg
603,https://cdn.thingiverse.com/assets/75/26/55/e4/8b/card_preview_Among_Us.jpg
604,https://i.pinimg.com/736x/9e/cd/cb/9ecdcb8fcf87a8d72d023d4b14e571e7.jpg
605,https://cdn.thingiverse.com/renders/a8/c5/7b/84/02/2a93e366cab6d25f491b12eb0d2294c9_preview_card.jpg
606,https://i.pinimg.com/originals/59/54/9b/59549ba0e410c67f0f2b6f9950c393de.jpg
607,https://cdn.thingiverse.com/renders/0a/3b/89/0e/7f/22ea150132a857d77868d1a0c25aa893_preview_card.jpg
608,https://i.pinimg.com/736x/97/e1/84/97e184f0e5e65c63ff90c385f1e4a187.jpg
609,https://i.pinimg.com/originals/45/e9/89/45e98922d7ca5ee92705fab0a0ba8805.jpg
610,https://cdn.thingiverse.com/renders/81/77/6b/da/20/60b80700b68045404f53ad36b5d5e73e_preview_card.jpg
611,https://i.pinimg.com/736x/99/e6/6f/99e66f1207b2d7851692c67ae7a776f7.jpg
612,https://cdn.thingiverse.com/renders/d2/9f/3c/14/59/eef449a29611dfd0e3469d213acca68c_preview_featured.jpg
613,https://i.pinimg.com/600x315/7b/fe/a1/7bfea10010c7d39264e2a21f492594ee.jpg
614,https://cdn.thingiverse.com/assets/53/b3/ac/a7/cb/card_preview_Screen_Bracket.png
615,https://i.pinimg.com/originals/36/1f/b4/361fb4e6d2b44e6fc3416cc45aa0be6d.jpg
616,https://cdn.thingiverse.com/assets/b1/af/ea/63/ab/head.jpg
617,https://i.pinimg.com/736x/4d/3b/3d/4d3b3d2c4d8c99b4f13b13796f509408.jpg
618,https://cdn.thingiverse.com/assets/d1/cb/25/96/31/card_preview_Antiebsblock.png
619,https://i.pinimg.com/originals/cb/a4/83/cba4838322772e14f427791ee24b9892.jpg
620,https://cdn.thingiverse.com/assets/91/85/c0/a8/54/card_preview_YouTube_Bendy_V2.png
621,https://i.pinimg.com/736x/26/81/db/2681dbd8f366da1605540d9973ffb5a5--lop-eared-bunny-d-prints.jpg
622,https://cdn.thingiverse.com/assets/31/1a/9b/95/f5/card_preview_hexagon_wall_planters.jpg
623,https://i.pinimg.com/originals/f4/51/79/f451797980e9e41744098404bd37cc2b.png
624,https://i.pinimg.com/564x/e5/03/d9/e503d999019ad414df7fa1764fcabd68.jpg
625,https://cdn.thingiverse.com/renders/b0/1d/2c/43/ff/3e1d9cf2ed0b6f65f04441d23eaf3949_preview_featured.jpg
626,https://i.pinimg.com/originals/7e/19/1b/7e191bdeac7cbd1ed17f886b965d9922.jpg
627,https://cdn.thingiverse.com/assets/91/05/1e/27/c2/card_preview_Cover_Middle.png
628,https://i.pinimg.com/originals/8e/36/af/8e36af9199b42a130e6415c28298bb3e.jpg
630,https://i.pinimg.com/736x/30/82/bf/3082bf13a7d324d592a1e8b2ddcef612.jpg
631,https://cdn.thingiverse.com/renders/62/7a/11/6e/46/8ef932217c869642aaedbee53b9be7b9_preview_card.jpg
632,https://i.pinimg.com/originals/94/c5/11/94c51197ba417417d71860d4a36e8e19.jpg
633,https://cdn.thingiverse.com/assets/97/75/8f/f7/f7/tt_5_non_planar_test.png
634,https://i.pinimg.com/474x/2c/40/cf/2c40cfcb1b9ff28866458c5a8358cea3.jpg
635,https://cdn.thingiverse.com/renders/55/57/31/81/53/34dcf6594a055b63bccf0ce58f21f1d3_preview_card.jpg
636,https://i.pinimg.com/originals/5a/21/c6/5a21c61d353d7877b7d34dcc58c4aa8f.jpg
638,https://i.pinimg.com/originals/b9/17/52/b917527e59ebe594359d820b49bcc02f.jpg
639,https://cdn.thingiverse.com/renders/b5/63/13/4d/65/AzteegX3_holder_2_preview_featured.jpg
640,https://i.pinimg.com/736x/ed/eb/0b/edeb0b764a6b2c32714a562b737baf2c.jpg
641,https://cdn.thingiverse.com/renders/ec/0a/63/ed/e4/IMG_1231_display_large_preview_featured.jpg
642,https://i.pinimg.com/736x/e0/47/4f/e0474fb013978d577ea9998288dfc310.jpg
643,https://cdn.thingiverse.com/renders/ec/a5/63/82/6f/Nomad_Exploded2_preview_featured.jpg
644,https://i.pinimg.com/originals/7f/bb/89/7fbb8964bee1c1ba38fc125325dd9cac.jpg
646,https://i.pinimg.com/originals/b8/06/5e/b8065e44cf4c1734e20835699e0bd6fc.jpg
647,https://cdn.thingiverse.com/assets/c1/96/50/c4/ee/featured_preview_DREMEL_Drill_Press_image_from_the_bottom_v5.png
648,https://i.pinimg.com/474x/17/16/8c/17168cd518c6f81a152e70b763ec9343.jpg
650,https://i.pinimg.com/736x/c6/9f/3c/c69f3cfb8921e24d0826baccabdff3e3.jpg
652,https://i.pinimg.com/originals/e3/73/4c/e3734c21b79d380c500c39e10cd1fcc6.jpg
653,https://cdn.thingiverse.com/assets/f0/34/b3/3f/74/card_preview_screenie05.jpg
654,https://i.pinimg.com/originals/89/ff/8e/89ff8e3ca1322ffe62d879cb840e135c.jpg
655,https://cdn.thingiverse.com/renders/a3/9a/32/1f/7b/c86a8e96f8959fe922ca7aa22f2c5d06_preview_featured.jpg
656,https://i.pinimg.com/originals/20/85/61/208561636f8ce46a3bc9335b03ad2d4f.jpg
657,https://cdn.thingiverse.com/renders/28/e4/9f/b5/d4/6380eb99b2cf0f5bc4e601f1e3809e78_preview_featured.jpg
658,https://i.pinimg.com/736x/e8/29/8e/e8298e86682b94129eef4d7be2578c5f.jpg
659,https://cdn.thingiverse.com/site/img/jumpstart/thingiverse/search.jpg
660,https://i.pinimg.com/736x/a9/95/24/a995240ce4a7f188ebb52edcdb86c33a.jpg
661,https://cdn.thingiverse.com/renders/5d/6a/fa/da/4c/3DPMM_2_7_preview_featured.jpg
662,https://i.pinimg.com/736x/53/d5/f6/53d5f6361ca4b9ebe13d733c84f7db51.jpg
663,https://cdn.thingiverse.com/renders/fc/8c/ac/cd/c8/81c666e4640971479eaa1dbcb49f3ea5_preview_featured.jpg
664,https://i.pinimg.com/originals/00/61/22/0061229fe3962ea5ffaddc83588ae2f6.jpg
665,https://cdn.thingiverse.com/assets/b7/2c/a1/6a/74/card_preview_Handle_02.jpg
666,https://i.pinimg.com/originals/ff/25/ea/ff25ea4395c693cf5ebc0ac667333724.jpg
667,https://cdn.thingiverse.com/renders/cf/44/ba/c2/f3/b2d3d197ccb0704edbd7707d8b958e8b_preview_featured.jpg
668,https://i.pinimg.com/originals/a9/93/12/a9931293a1a43f860c3feb36f852f380.jpg
669,https://cdn.thingiverse.com/renders/00/38/b1/32/96/f6cbda0b51c1541089e55b361f062c14_preview_featured.jpg
670,https://i.pinimg.com/originals/59/4e/8e/594e8e6fc7310c92c191a557e33de7e7.jpg
671,https://cdn.thingiverse.com/renders/13/74/3d/37/57/8691887722638f8906dbdf4e9c362230_preview_featured.jpg
672,https://i.pinimg.com/originals/02/d1/ea/02d1eabef2de3c783995a34692b785bb.jpg
673,https://cdn.thingiverse.com/renders/c7/41/8a/db/a0/Kickstarter_Promo_photo_preview_featured.jpg
674,https://i.pinimg.com/736x/0b/25/da/0b25da270258fc82cde66776dec8a19a.jpg
675,https://cdn.thingiverse.com/renders/5f/14/3f/8d/57/bfb8a847ae0536a15f8bdd7b182b89eb_preview_featured.jpg
676,https://i.pinimg.com/736x/44/f8/ce/44f8cec23df614b0115744c8fb70b370.jpg
677,https://cdn.thingiverse.com/renders/81/26/67/6e/e2/2015-08-02_ToyREP-Final_preview_featured.jpg
678,https://i.pinimg.com/originals/8c/34/70/8c34704fbbe8a5edba475d35e129f2de.jpg
679,https://cdn.thingiverse.com/renders/b3/74/34/e9/84/R0039325-1_preview_featured.jpg
680,https://i.pinimg.com/736x/7e/f2/12/7ef212f0e6cfe77df8a04f46ee37f22b.jpg
681,https://cdn.thingiverse.com/renders/bd/a1/b7/d7/30/wall_calibrate_preview_featured.jpg
682,https://i.pinimg.com/originals/ac/f5/7d/acf57d317b049cee0ea206463429616b.jpg
684,https://i.pinimg.com/originals/40/fc/77/40fc77cf0fd41a02805b2fc8f38fedf0.png
685,https://cdn.thingiverse.com/renders/93/8d/ba/01/df/17aebd7f8180c7a61be5e1111ec992a6_preview_featured.jpg
686,https://i.pinimg.com/736x/dc/ec/5c/dcec5cb62a6a017f0db91dcda508432d.jpg
687,https://cdn.thingiverse.com/renders/7d/d6/bd/1f/2f/f53ec52eab87584bc3817ddc7c17c93e_preview_large.jpg
688,https://i.pinimg.com/736x/9f/12/48/9f12484eb4fc94ced1b84eb671d7d09d.jpg
689,https://cdn.thingiverse.com/renders/b3/87/91/7d/9d/9a4bc0c7951a84a443cd140fe9f75890_preview_featured.jpg
690,https://i.pinimg.com/736x/2e/51/f1/2e51f175cefcd4abc8fc3b58b653a093.jpg
691,https://cdn.thingiverse.com/renders/c5/1d/56/b4/a9/62d157ec97af66951ca7043557271c4a_preview_featured.jpg
692,https://i.pinimg.com/originals/5c/e5/cb/5ce5cb1a1b290e60d75c02b73a7c7b42.jpg
693,https://cdn.thingiverse.com/renders/c9/4a/4f/36/f0/Photo_Scalar_M_preview_featured.jpg
694,https://i.pinimg.com/originals/3b/1b/96/3b1b967f2b8286b798cc96d3342f3707.jpg
695,https://cdn.thingiverse.com/renders/a6/4b/86/e3/31/SKELETON3D_-_preview_featured.jpg
696,https://i.pinimg.com/736x/01/c5/c6/01c5c62ec3ba201346a6ffc71448796e.jpg
697,https://cdn.thingiverse.com/renders/10/a0/38/08/c6/up_display_large_preview_featured.jpg
698,https://i.pinimg.com/originals/54/e7/8a/54e78a2e4c1016425ab540f7e7f58f74.png
699,https://cdn.thingiverse.com/renders/9e/f3/42/e8/83/9b2f4c17dab15cf32d6fe1cb5106cab3_preview_featured.jpg
700,https://i.pinimg.com/originals/2e/8e/ac/2e8eac957f2f5883d5e1940c094d9570.jpg
702,https://i.pinimg.com/474x/1b/83/16/1b831605cac5db5ab32076e784dab737.jpg
703,https://cdn.thingiverse.com/renders/0d/e7/46/18/5d/55cc7e8d7deb05d5f675c8342ef9fc01_preview_featured.jpg
704,https://i.pinimg.com/originals/b1/58/eb/b158eb268b9c922c6a72cb4cc30d9acd.jpg
705,https://cdn.thingiverse.com/assets/97/74/81/c1/05/featured_preview_C6857F2F-0C49-4674-BD36-9E68C74698F0.jpeg
706,https://i.pinimg.com/originals/13/e1/6d/13e16d2581e73d80b11334d2cfcf0be8.jpg
707,https://cdn.thingiverse.com/renders/05/e6/cf/1e/ef/559e0e6a99cce37effc5ac7380802b06_preview_featured.jpg
708,https://i.pinimg.com/originals/42/c2/9c/42c29c1a931154e7658e922ca0f6b7be.jpg
710,https://i.pinimg.com/736x/f2/8c/46/f28c4656d70ad322265cac0ad57dd63b.jpg
711,https://cdn.thingiverse.com/renders/e7/ac/bf/7e/af/1c8c79fcdf4ee536a7ef758e420b4817_preview_featured.jpg
712,https://i.pinimg.com/564x/01/cf/84/01cf84f1e9fdf6c69cc6edfe1e058014.jpg
713,https://cdn.thingiverse.com/renders/a3/20/94/7b/d8/a672b0cf29774dd4bc0e7ea1e3216e24_preview_featured.jpg
714,https://i.pinimg.com/736x/3e/98/84/3e988483f38afc4b81fec78bac4bd843.jpg
715,https://cdn.thingiverse.com/renders/5d/a7/84/b7/db/Syringe_with_pressure_cap_closeup_display_large_preview_featured.jpg
716,https://i.pinimg.com/originals/18/8b/15/188b154bd406fc1f2789167dfbca6d5b.jpg
717,https://cdn.thingiverse.com/renders/26/9b/e9/e6/75/2015-07-31-23.06_preview_featured.jpg
718,https://i.pinimg.com/474x/f9/8a/9e/f98a9e153c8d0c86cf17091f5cc41e85.jpg
719,https://cdn.thingiverse.com/renders/65/8b/85/2c/01/a0bf3a539a037ac1b67a096659ec0b4c_preview_featured.jpg
720,https://i.pinimg.com/originals/d3/bc/75/d3bc751ca6339d5be69747f8f65bac93.jpg
721,https://cdn.thingiverse.com/renders/a9/51/fe/dd/c7/photo_preview_featured.jpg
722,https://i.pinimg.com/originals/bf/a2/0f/bfa20fdd534b3e3020e1e1eb5d8d7162.jpg
723,https://cdn.thingiverse.com/renders/66/a7/36/f5/56/switchplate2_preview_featured.jpg
724,https://i.pinimg.com/originals/fc/4f/93/fc4f93bdccba9bfc799a5546eb1ac06c.jpg
725,https://cdn.thingiverse.com/renders/0d/b8/8a/c9/a2/IMG_3931_copy_preview_featured.jpg
726,https://i.pinimg.com/originals/b3/8b/dc/b38bdc2cccbd4dff4ecb8af169903513.jpg
727,https://cdn.thingiverse.com/renders/cf/7b/d7/6b/24/6e8f59b44da0a625bde8b940dbe60e70_preview_featured.jpg
728,https://i.pinimg.com/originals/31/c8/ac/31c8ac15b60ee6cd21cf20b8946db612.jpg
729,https://cdn.thingiverse.com/renders/4e/6e/66/4c/c9/ad87e30916ccdc6f727acd24f517d257_preview_featured.jpg
730,https://i.pinimg.com/474x/4e/f0/03/4ef0039bf039be1660b7ed7a1d022be5.jpg
731,https://cdn.thingiverse.com/renders/3f/56/94/ff/f3/20140622_160059_preview_featured.jpg
732,https://i.pinimg.com/originals/fd/21/65/fd2165c57491a1f729dd33f97506fd5d.jpg
733,https://cdn.thingiverse.com/renders/fe/31/97/6d/9b/cfe63222ddeb72198928a99277ced232_preview_featured.jpg
734,https://i.pinimg.com/originals/8d/27/64/8d2764e76ed77ece5446abe65fd368c9.jpg
735,https://cdn.thingiverse.com/renders/1b/09/e1/03/d5/187579b1429c21c707addbab467241f2_preview_featured.jpg
736,https://i.pinimg.com/originals/91/00/73/9100736347d648852445b668e12b8524.jpg
737,https://cdn.thingiverse.com/assets/01/fe/2b/c1/7e/featured_preview_IMG_20191022_221746.jpg
738,https://i.pinimg.com/474x/7d/83/28/7d8328c07a58d4820b6fa7adb7af8609.jpg
739,https://cdn.thingiverse.com/renders/a7/c3/e8/68/06/M.Battery.Mount.3_preview_featured.jpg
740,https://i.pinimg.com/originals/67/00/d8/6700d89e44bedf52480c532abf744469.png
741,https://cdn.thingiverse.com/renders/9f/d2/6d/3d/50/c087454a8117b8af3533a249f0617352_preview_featured.jpg
742,https://i.pinimg.com/474x/8c/c8/bb/8cc8bb0581d3f6db4e8844f5cb8d69df.jpg
743,https://cdn.thingiverse.com/assets/b8/8f/c1/77/a6/featured_preview_Thumb_Nail_2.0.jpg
744,https://i.pinimg.com/originals/d3/f6/4f/d3f64f7e1af135870a0f14336cc28079.jpg
745,https://cdn.thingiverse.com/assets/66/4b/4e/60/e0/featured_preview_Wallet_4.jpg
746,https://i.pinimg.com/originals/0b/28/f2/0b28f2f1e6147fa01524c44e440f1c11.jpg
747,https://cdn.thingiverse.com/renders/65/ba/50/6d/30/7befe24d8fcc43d095cfe265aa5cf3f2_preview_card.jpg
748,https://i.pinimg.com/originals/72/c4/37/72c4377d935eaf403c2c5f1be2000fec.jpg
749,https://cdn.thingiverse.com/renders/88/bd/29/10/29/28b90fec24159cae09568072b05273b6_preview_featured.jpg
750,https://i.pinimg.com/originals/7c/f3/99/7cf399bb1489a1deb541580ad946c02d.jpg
751,https://cdn.thingiverse.com/renders/f8/65/dc/43/25/6a4dcdade75e2d5adc996507c736d3eb_preview_featured.jpg
752,https://i.pinimg.com/originals/52/08/c6/5208c602ec3a8e730e50eab0d6575cee.jpg
753,https://cdn.thingiverse.com/renders/b0/b8/01/ce/91/1d278ecda2aebefd9282efd1df8dc7b2_preview_featured.jpg
754,https://i.pinimg.com/originals/e0/65/ad/e065adaf9515e3d956b38e345f4880da.jpg
756,https://i.pinimg.com/originals/f8/40/c8/f840c88b48646ea677e2aa9f3695be1e.jpg
757,https://cdn.thingiverse.com/renders/73/8c/0d/47/a9/8cdb10c6b918f945c30e91264e7dbeda_preview_featured.jpg
758,https://i.pinimg.com/736x/73/2c/a6/732ca6d9698c403df3705fa686c5483c.jpg
760,https://i.pinimg.com/originals/8d/77/e3/8d77e3a9a6304858efbb198a27a9fd9f.jpg
762,https://i.pinimg.com/originals/b4/24/f7/b424f750f5053999bfe096af0ce563b3.png
763,https://cdn.thingiverse.com/renders/85/21/bd/d2/e5/IMG_20151124_185505_preview_featured.jpg
764,https://i.pinimg.com/originals/d0/02/4c/d0024cb1e6d41acadf7652ade20b395d.jpg
765,https://cdn.thingiverse.com/assets/23/ea/36/03/ff/featured_preview_kocka_mala.jpg
766,https://i.pinimg.com/originals/cb/87/94/cb8794b31a77926071d912113ccf2b2c.jpg
767,https://cdn.thingiverse.com/renders/26/ff/09/a0/09/e6f417231c6192a71bcdfad7c742bc59_preview_card.jpg
768,https://i.pinimg.com/736x/44/ee/37/44ee3775d986c959bc17e233416e1070.jpg
769,https://cdn.thingiverse.com/assets/e4/7d/03/89/93/card_preview_3.jpg
770,https://i.pinimg.com/474x/f4/bd/d3/f4bdd3fb7624ba87a0a3f4ba50956d89.jpg
772,https://i.pinimg.com/736x/06/2a/f9/062af9c03fcfa561d3e977575af21033.jpg
773,https://cdn.thingiverse.com/renders/aa/33/5b/c5/69/3DPMM_2_9_preview_featured.jpg
774,https://i.pinimg.com/736x/0f/19/dd/0f19ddbda8cbc5bd2240b2e0e4a181e9.jpg
775,https://cdn.thingiverse.com/renders/a0/f0/49/62/ac/1_preview_featured.jpg
776,https://i.pinimg.com/originals/78/6a/36/786a366a8919f4853ff3fe93668d3972.jpg
777,https://cdn.thingiverse.com/renders/58/e8/7f/e4/14/55b9fbaa5c26c534ba1ea762d76dc169_preview_featured.jpg
778,https://i.pinimg.com/originals/76/83/e5/7683e5a6664fa6c357456da70b02247f.jpg
780,https://i.pinimg.com/236x/03/b6/3b/03b63bc0b93c3620fee71638b8caec81.jpg
781,https://cdn.thingiverse.com/renders/38/5a/6a/4a/76/e0f5dc96ec483b68d742629fd2e0604e_preview_featured.jpg
782,https://i.pinimg.com/736x/1b/93/c5/1b93c556aa06154716cb330321a44fc5.jpg
783,https://cdn.thingiverse.com/renders/6e/90/8d/00/68/cb3be3b1267c2279a897f4f14f697cff_preview_featured.jpg
784,https://i.pinimg.com/736x/e2/a1/36/e2a136aa799e22efcd0cc048d1237964.jpg
786,https://i.pinimg.com/474x/fc/2d/6a/fc2d6a863342efaf201962426a9f246f.jpg
787,https://cdn.thingiverse.com/renders/17/b9/bc/04/44/163b64cbe1632101305b50fedf870d7c_preview_featured.jpg
788,https://i.pinimg.com/originals/9b/2b/09/9b2b09ed246362ded1f3b434d969fd78.jpg
789,https://cdn.thingiverse.com/assets/8e/e7/17/95/ad/featured_preview_Wallet_3.jpg
790,https://cdn.thingiverse.com/renders/77/92/4c/ec/ab/978427a1e73e9da6bbe0b7841e1451e8_preview_featured.jpg
791,https://i.pinimg.com/736x/44/2e/f0/442ef064fe01dd0c903e03a4cf369d23.jpg
792,https://cdn.thingiverse.com/renders/56/91/26/3c/68/e314c1bbb4b0fbe7579300536266738f_preview_featured.jpg
793,https://i.pinimg.com/originals/cf/46/08/cf46088f92ee7926abb11b712a6fd512.jpg
795,https://i.pinimg.com/originals/86/74/59/867459c82176b954f0bf64075c79f80a.jpg
797,https://i.pinimg.com/originals/3e/23/a6/3e23a669e177ad0898fa888a0e1f283c.jpg
798,https://cdn.thingiverse.com/renders/93/b8/00/0c/85/d2b5ca33bd970f64a6301fa75ae2eb22_preview_featured.jpg
799,https://i.pinimg.com/600x315/32/f3/a1/32f3a1fa92cad4956accd272378568ce.jpg
800,https://cdn.thingiverse.com/renders/8f/e9/bf/85/b0/3dtest_preview_featured.jpg
801,https://i.pinimg.com/736x/03/89/28/0389287f985c21835a308f073198eb69.jpg
802,https://cdn.thingiverse.com/renders/25/a1/7d/71/b0/21517ada0b4fab334e2d7f6d6a209041_preview_featured.jpg
803,https://i.pinimg.com/736x/72/4a/df/724adf7a8576ae6d4e1efa8ce76cea79.jpg
805,https://i.pinimg.com/originals/9e/18/16/9e18166f12660bb9f3b514cb16cfe25f.jpg
807,https://i.pinimg.com/originals/c2/a0/17/c2a01792310596ba3c4c9b6b949c6d28.jpg
808,https://cdn.thingiverse.com/assets/59/89/05/39/72/featured_preview_dial-ind_-0.5mm_clearence.png
809,https://i.pinimg.com/originals/49/5c/39/495c39e2d670251d16f4019976519f22.jpg
810,https://cdn.thingiverse.com/renders/47/15/50/be/95/34dcdeed708c0c2451309210bcaed5a5_preview_featured.jpg
811,https://i.pinimg.com/originals/61/a8/5f/61a85ff09bf5dcfc045f3beb9583d8ea.jpg
812,https://cdn.thingiverse.com/renders/ad/cc/fc/95/c3/clock_3d_printed_preview_featured.jpg
813,https://i.pinimg.com/originals/79/e2/7e/79e27eb27d79e144451c6f93fc78a0e3.jpg
814,https://img.youtube.com/vi/xsc1RIfQK8s/0.jpg
815,https://i.pinimg.com/736x/d7/88/cd/d788cda45e14d70844cc8460f598eb36.jpg
816,https://cdn.thingiverse.com/assets/06/fd/4f/32/fc/featured_preview_thingiverse.png
817,https://i.pinimg.com/originals/a2/a8/fd/a2a8fdf541d1b965c2b6831c6fc0607c.jpg
819,https://i.pinimg.com/736x/7c/44/2b/7c442b74e2fd417662a8517c67cc25f6.jpg
820,https://cdn.thingiverse.com/renders/9f/d8/55/5a/f1/8e5eeb6f9f500e0df0fb4d51d446eb4f_preview_featured.jpg
821,https://i.pinimg.com/736x/96/68/8c/96688c79f22614868ae072cd6892c583.jpg
823,https://i.pinimg.com/originals/be/0f/8e/be0f8edc83eca0936ed7ec39c9de7eed.jpg
824,https://cdn.thingiverse.com/renders/77/fb/46/ab/bf/4e4c24bf90a66cc9d36f1ec73bb49e91_preview_featured.jpg
825,https://i.pinimg.com/originals/ff/a4/72/ffa472bf832f61d664c0bcd48a858c61.jpg
827,https://i.pinimg.com/originals/6d/d3/5c/6dd35c1ae971ae4972b8a5f2e28d94b1.jpg
828,https://cdn.thingiverse.com/renders/e2/42/1e/3d/13/28b110a1ccf6fe142a28ec9e1e41a18c_preview_card.jpg
829,https://i.pinimg.com/736x/c6/ff/e5/c6ffe5c520f17bd69eae4a308a836a8d.jpg
830,https://cdn.thingiverse.com/assets/76/30/8e/dd/69/card_preview_Screenshot_2.png
831,https://i.pinimg.com/736x/e0/3e/d4/e03ed4f95e1f406c0b4bd00f23f18b36.jpg
832,https://cdn.thingiverse.com/renders/72/d7/a1/b4/a0/6f1ea2e88dca8fdb1281de810bb1a664_preview_featured.jpg
833,https://i.pinimg.com/originals/fa/31/4a/fa314aa07f3d36e469d822770d900fbc.jpg
834,https://cdn.thingiverse.com/assets/e7/b7/d5/1a/d8/featured_preview_king.png
835,https://i.pinimg.com/originals/61/f8/25/61f82573fec5d22cf9f6b154e91829e0.jpg
836,https://cdn.thingiverse.com/renders/88/5c/0c/49/8f/08bc154092b0f84caf9b965f78f613f2_preview_featured.jpg
837,https://i.pinimg.com/474x/37/db/2a/37db2a0bf6fe3d5431a09e0e468f1eca.jpg
838,https://cdn.thingiverse.com/renders/8e/f4/49/b7/a0/DSCN0179_display_large_preview_featured.jpg
839,https://i.pinimg.com/originals/43/9d/40/439d40404f46461f41b8f6d07776dcdc.jpg
840,https://cdn.thingiverse.com/renders/c9/36/35/64/c5/0fe387b325c972c70717e96875cc06fa_preview_featured.jpg
841,https://i.pinimg.com/736x/75/34/8b/75348b2ba56acfff6d5a0eda3cf5adcc.jpg
842,https://cdn.thingiverse.com/renders/28/1a/cc/2a/ac/IMG_0305_preview_featured.jpg
843,https://i.pinimg.com/736x/b8/40/9b/b8409b706ecd6678a8a491977a1963e9.jpg
844,https://cdn.thingiverse.com/renders/ff/45/28/fd/85/e307f7e6fb6d493eba8e3a1cfeaee0af_preview_featured.jpeg
845,https://i.pinimg.com/originals/bf/e0/42/bfe042ee39ccae93afed9e256ec462ce.jpg
847,https://i.pinimg.com/736x/df/91/81/df9181508bdf8aa901ecd8e32625f108.jpg
848,https://cdn.thingiverse.com/renders/47/10/3a/ee/cd/2cbebf4be409c6a9e845bd710bacd008_preview_featured.jpg
849,https://i.pinimg.com/736x/77/04/f9/7704f959ec9f8fc9ec743baedba754d5.jpg
850,https://cdn.thingiverse.com/assets/f2/8f/a5/ff/1a/card_preview_Screen_Shot_2020-10-06_at_10.59.07.png
851,https://i.pinimg.com/736x/af/0b/77/af0b77bddc6aacd063894ea564f81435.jpg
852,https://cdn.thingiverse.com/renders/40/89/61/6c/9f/Clock20_preview_featured.jpg
853,https://i.pinimg.com/736x/a2/69/ea/a269eac23ec25ee4529518b6a5fcf6d2.jpg
854,https://cdn.thingiverse.com/assets/11/86/b6/84/1a/featured_preview_IMG_9133.jpg
855,https://i.pinimg.com/236x/41/f3/f9/41f3f978c0c26678c910464fad63514a.jpg
856,https://cdn.thingiverse.com/assets/4f/7b/e4/88/4c/card_preview_Breather_Shooting02_Photo03.jpg
857,https://i.pinimg.com/474x/a2/57/b2/a257b2d470dd3edb9bfdcb64143e7de6.jpg
858,https://i.pinimg.com/474x/06/f9/fe/06f9fe1dd382e17b1ab2fabf00180f38.jpg
859,https://cdn.thingiverse.com/renders/90/b8/5b/bf/96/a37979c82a0ceac73a8b67c32bede20a_preview_card.jpg
860,https://cdn.thingiverse.com/assets/49/c2/6e/2a/8b/card_preview_Jack_Skellington_Tower.jpg
862,https://cdn.thingiverse.com/renders/e8/8a/f4/69/43/86533cbb13c79cbdd5de51337a206620_preview_card.jpg
863,https://i.pinimg.com/236x/95/49/5b/95495b7306420e2a09a3326ff577f7ca.jpg
864,https://i.pinimg.com/originals/d3/79/83/d3798364d3fd22de2c9b54c1b25b1faa.jpg
866,https://cdn.thingiverse.com/assets/b7/dd/35/6f/e8/38.jpg
867,https://i.pinimg.com/originals/a5/5d/39/a55d3953096cee7843fbdead2b4268d9.jpg
868,https://i.pinimg.com/236x/64/a7/e3/64a7e343e23de423c3516da13369456d--dprinter-toyota-.jpg
869,https://i.pinimg.com/236x/94/d6/95/94d69598aeb71976c777f572f808a90c.jpg
870,https://cdn.thingiverse.com/assets/b7/77/b2/4e/15/Blue_Screen_of_Death.png
871,https://i.pinimg.com/236x/d2/ff/ee/d2ffee01d9d51fe5fca9d62b557a345f--tape-dispenser-more-photos.jpg
873,https://i.pinimg.com/280x280_RS/de/83/73/de837377df96a9581a58e36ab376ad98.jpg
874,https://cdn.thingiverse.com/renders/3c/57/3c/32/0f/88114a60c05cbc56fb61e0930ec16804_preview_card.jpg
876,https://i.pinimg.com/236x/63/46/dd/6346ddc0b2de1241cc33f76fca4c7f8b--game-portal-companion-cube.jpg
877,https://cdn.thingiverse.com/assets/91/f4/31/b9/4f/PN_profile_300x300.jpg
878,https://cdn.thingiverse.com/assets/2a/33/cd/51/48/featured_preview_IMG_20200714_195434-01.jpeg
879,https://cdn.thingiverse.com/assets/4e/00/7e/04/8c/logo.jpg
880,https://i.pinimg.com/236x/e9/04/bb/e904bb34fd7e2fcd8c863decda3016b8--tablet-stand-d-prints.jpg
881,https://i.pinimg.com/236x/f6/f9/c1/f6f9c1b95e8a9cfcd2d6f1695578f02c.jpg
883,https://i.pinimg.com/236x/3d/30/2b/3d302b930d3dfbd193ab7ee86a35248e.jpg
884,https://cdn.thingiverse.com/assets/86/38/35/13/54/card_preview_hm_skull_quarter_1.jpg
885,https://cdn.thingiverse.com/assets/af/87/ab/88/43/card_preview_hat-lens-tight.jpg
886,https://i.pinimg.com/236x/70/55/e0/7055e0835f5a586a1e29ac465e4b4d70.jpg
887,https://i.pinimg.com/236x/64/84/15/648415861b2d0392863252fd44caf323.jpg
889,https://i.pinimg.com/236x/73/22/aa/7322aa692b14f188524bccfe57f3028d--degree-angle-try-again.jpg
890,https://cdn.thingiverse.com/assets/b3/50/ba/a6/b4/IMG_6039.jpg
891,https://cdn.thingiverse.com/assets/1c/91/c9/6d/b3/card_preview_RAD_logo_sleutelhanger.png
893,https://cdn.thingiverse.com/assets/af/96/80/fb/82/card_preview_IMG_20201023_202400_.jpg
894,https://cdn.thingiverse.com/renders/ab/21/8d/63/84/db110d19455f36691e9e0cb7d32c3ce3_preview_featured.jpg
895,https://cdn.thingiverse.com/renders/eb/8c/14/d4/0a/86419de4a0be234a910a764f40f5fd19_preview_featured.jpg
896,https://cdn.thingiverse.com/assets/41/5c/dd/83/73/card_preview_IMG_20201004_194433.jpg
897,https://i.pinimg.com/236x/2b/0d/2a/2b0d2a7df9a22cdf49e9066048d8969b--lasercutter-oblivion.jpg
898,https://i.pinimg.com/236x/e1/cf/76/e1cf763ba8b3fbc5605be4cb5ef30309.jpg
899,https://cdn.thingiverse.com/renders/44/77/dc/0e/71/b0f368583115dd7dc67283142631cde2_preview_card.jpg
900,https://i.pinimg.com/236x/44/71/d1/4471d1c02fc4a71dd8d562a3ab9bfad6.jpg
901,https://cdn.thingiverse.com/assets/87/ba/da/b6/73/card_preview_IMG_20201024_165600.jpg
902,https://cdn.thingiverse.com/assets/55/ac/51/57/75/card_preview_Teaser.jpg
903,https://i.pinimg.com/236x/88/4f/76/884f762ecb913d75c6407dd7727a4268--skull-mask-expo.jpg
904,https://cdn.thingiverse.com/assets/f0/6c/3f/40/56/card_preview_1.jpg
905,https://cdn.thingiverse.com/assets/9d/08/b2/db/d0/card_preview_image0_1.jpeg
906,https://cdn.thingiverse.com/assets/c8/21/a8/46/4a/card_preview_69265907_2380842305286612_2105425464221761536_o.jpg
907,https://cdn.thingiverse.com/assets/b2/d7/02/ae/f1/card_preview_Squirtle_0.jpg
908,https://i.pinimg.com/236x/5d/85/34/5d8534c4944b0d6c3db0b7d1737e442e.jpg
910,https://i.pinimg.com/236x/77/75/3d/77753d883d2ee1450079058c5de2a909.jpg
911,https://cdn.thingiverse.com/renders/44/9e/83/5a/a9/8615767267_5e0c479fb7_h_preview_card.jpg
912,https://i.pinimg.com/236x/65/d8/19/65d81922cdeedbcfbfd9981458e9d922--dprinter-blog-designs.jpg
913,https://cdn.thingiverse.com/renders/97/aa/dd/b7/31/0dd5041e7336831b98bacb9ba683f124_preview_featured.jpg
914,https://cdn.thingiverse.com/assets/55/ab/90/8a/a6/card_preview_Runcam_Mount.png
916,https://cdn.thingiverse.com/assets/2c/41/c6/34/cd/featured_preview_Mask_PNG.png
917,https://cdn.thingiverse.com/renders/3f/46/1a/53/0c/7c40c40d9708e21b90f8671e371e00b0_preview_card.jpg
918,https://cdn.thingiverse.com/renders/97/8b/a3/b2/f1/Schermafbeelding_2015-12-19_om_12.43.54_preview_card.jpg
919,https://i.pinimg.com/236x/f2/e1/ea/f2e1eac836853567fbdc63d929b42bff--d-prints-cup-holders.jpg
920,https://cdn.thingiverse.com/renders/36/b6/7e/13/55/4954364f6ae3c4a26903d4ad6855c60b_preview_card.jpg
921,https://i.pinimg.com/736x/89/cf/da/89cfda53da11ba3482cafa7cf5b3e687.jpg
922,https://i.pinimg.com/474x/9e/e5/9b/9ee59b17dbff378471159d2392526d42.jpg
923,https://cdn.thingiverse.com/assets/0a/d6/40/61/d9/card_preview_IMG_0071.jpg
924,https://i.pinimg.com/236x/ad/14/68/ad14682738644861930208654dd9ff40--space-facts-portal-.jpg
925,https://cdn.thingiverse.com/assets/92/a9/1f/33/f8/card_preview_iPhone_11_Pro_2-.jpg
926,https://i.pinimg.com/280x280_RS/fb/34/28/fb34282d202c00662b61e0a7c2331587.jpg
927,https://i.pinimg.com/236x/d8/96/b0/d896b05fd651df53eaff5ea92ff9f1d6.jpg
928,https://cdn.thingiverse.com/assets/7e/71/5a/0c/d5/featured_preview_Finished_Print_02_2000px.jpg
929,https://i.pinimg.com/236x/b4/31/9e/b4319e0b8962bfbaa806785674a2e481--d-prints-print-design.jpg
930,https://cdn.thingiverse.com/assets/f8/69/f6/15/88/card_preview_IronMan_paint3.jpg
931,https://cdn.thingiverse.com/assets/7b/96/03/e3/8c/card_preview_gENIUS.jpg
933,https://cdn.thingiverse.com/assets/27/4a/6b/51/4a/featured_preview_Thingiverse_Cover_Card.jpg
934,https://cdn.thingiverse.com/renders/c9/98/0a/4c/14/Universal_Filament_Filter_v010_preview_card.jpg
935,https://i.pinimg.com/236x/ed/8d/83/ed8d83800824a881d925aba83a456e42.jpg
936,https://i.pinimg.com/236x/a7/a3/86/a7a386f442bf7404d11d6ddb47d1a815--d-prints-d-models.jpg
937,https://cdn.thingiverse.com/renders/be/ba/f3/f6/9b/ab53f441c6be2a7bd96f43f37fbf4eb4_preview_card.jpg
938,https://cdn.thingiverse.com/assets/b3/4d/bd/88/c6/card_preview_Deska_VykresM.jpg
939,https://i.pinimg.com/236x/1c/04/da/1c04da9fad5cfca07020c4dcc071c12b--motors-d-print.jpg
940,https://cdn.thingiverse.com/renders/e4/6b/8d/3b/bf/Bildschirmfoto_2015-10-18_um_01.37.02_preview_card.jpg
941,https://cdn.thingiverse.com/renders/ec/0e/f7/36/7b/4347d727daa5d601bdca6fa6e2c4ce16_preview_card.jpg
942,https://cdn.thingiverse.com/assets/5b/29/41/ea/55/card_preview_child2.jpg
943,https://cdn.thingiverse.com/assets/64/f9/8b/ca/18/card_preview_20201008_131056.jpg
944,https://cdn.thingiverse.com/renders/bc/32/f8/50/aa/23f2d0e43b490a0d01c4678dc5254443_preview_card.jpg
946,https://cdn.thingiverse.com/renders/71/41/14/f9/0f/b7a381d668a13083b4273fa492df1f1e_preview_featured.jpg
947,https://cdn.thingiverse.com/renders/a7/b8/c7/9d/28/IMG_20131107_134822_preview_featured.jpg
948,https://i.pinimg.com/236x/61/58/a6/6158a685bd083d9cebfc2e586407d061--printing-popular.jpg
949,https://cdn.thingiverse.com/assets/91/64/24/f0/c4/IMG-20200211-WA0008.jpg
951,https://cdn.thingiverse.com/assets/4c/74/ab/66/b4/card_preview_Photo_1.10.2020_12.40.57.jpg
954,https://cdn.thingiverse.com/assets/e8/c1/7f/5b/61/featured_preview_20201012_173043.jpg
955,https://cdn.thingiverse.com/assets/06/1a/47/1a/57/card_preview_51554.jpg
956,https://cdn.thingiverse.com/assets/3a/1c/d1/bd/f9/card_preview_20201009_150540.jpg
958,https://i.pinimg.com/236x/30/c4/6b/30c46b7e60bcbcd7f44a6e78704a4bd6--companion-cube-goa.jpg
959,https://www.3dnatives.com/en/wp-content/uploads/sites/2/thingiverse-cover.jpg
962,https://www.3dnatives.com/en/wp-content/uploads/sites/2/thingiverse-cover.jpg
964,https://i.redd.it/1hsq8385dmc21.jpg
965,https://i.all3dp.com/wp-content/uploads/2018/10/30165303/1810301.jpg
966,https://3.bp.blogspot.com/-fKWpm1zW36A/U3vpkyeChkI/AAAAAAAAAKo/Zi1K_KE3SUM/s1600/ALL+EGGSHELLS.jpg
967,https://files.cults3d.com/uploaders/14350462/illustration-file/f502adf3-190b-4001-8bcc-fb0d376c9619/07-12_large.jpg
969,https://files.cults3d.com/uploaders/13877288/illustration-file/c1f8fc78-ffed-4c04-bd7b-861978a0d349/IMG_20150118_192702_display_large_large.jpg
970,https://cdn.thingiverse.com/renders/03/f7/80/17/6b/thin_wall_test_preview_featured.jpg
