1,https://www.stratasysdirect.com/-/media/features/resources/case-study-images/direct/articles/upgrade-centuries-old-manufacturing/fdm-inserts.jpg?h=286&la=en&w=495&hash=7A566539A6B3B409F16559A1BDCD9673174006A8
2,https://3dprintergeeks.com/wp-content/uploads/2019/05/fdm-3d-printing.jpg
1,https://www.stratasysdirect.com/-/media/features/resources/case-study-images/direct/articles/upgrade-centuries-old-manufacturing/fdm-inserts.jpg?h=286&la=en&w=495&hash=7A566539A6B3B409F16559A1BDCD9673174006A8
2,https://3dprintergeeks.com/wp-content/uploads/2019/05/fdm-3d-printing.jpg
3,https://3dprintergeeks.com/wp-content/uploads/2019/05/fdm-3d-printing.jpg
4,https://www.think3d.in/wp-content/uploads/2016/08/fdm.png
5,https://cdn2.sculpteo.com/wp-content/uploads/2019/06/fdm-pictures.jpg
6,https://www.3dnatives.com/en/wp-content/uploads/sites/2/FDM_Technologies-1.jpg
7,https://s3-eu-west-1.amazonaws.com/3dhubs-knowledgebase/intro-fdm-3d-printing/6-fdm-sample-layers.jpg
8,https://s3-eu-west-1.amazonaws.com/3dhubs-knowledgebase/intro-fdm-3d-printing/2-fdm-steps.png
9,https://www.additive.blog/wp-content/uploads/2017/03/FDM-FFF-3d-printer-how-works-scheme.jpg
10,https://www.rochester.edu/ase/studentessentials/fabrication/assets/images/articles/fdm-printing.jpg
11,https://cdn.mos.cms.futurecdn.net/xWgrGxydQoCpDk4xgHLo7c-1200-80.jpg
12,https://3dprinterpower.com/wp-content/uploads/2019/02/fdm-vs-sla-3d-printer-filament-types.jpg
14,https://images.ctfassets.net/q2hzfkp3j57e/ae8150255a8efcd4a9bb92384f5df8bf53f06724/e09965c58e5f67e1b4e134864a7dae06/hero-image_2.jpg?w=400&h=300&fm=jpg&q=82
15,https://3dprintingindustry.com/wp-content/uploads/2020/06/3DP-models.jpg
16,https://s.pick3dprinter.com/wp-content/uploads/2019/07/Fused-deposition-Modelling-FDM-3d-printing.jpg
17,https://i.pinimg.com/originals/6d/94/eb/6d94eb09791325b7d96b9d751d36725f.jpg
18,https://www.mdpi.com/polymers/polymers-11-01094/article_deploy/html/images/polymers-11-01094-g001.png
19,https://www.3dnatives.com/en/wp-content/uploads/sites/2/MIT-1.jpg
20,https://images-na.ssl-images-amazon.com/images/I/61gNdreBtiL._SL1000_.jpg
21,https://penandplastic.com/wp-content/uploads/2017/12/FDM-A2-1024x707.jpg
22,https://www.javelin-tech.com/blog/wp-content/uploads/2015/08/20150814_130117.jpg
23,https://3dinsider.com/wp-content/uploads/2018/10/what-is-fdm-3d-printing-1280x720.jpg
24,https://www.3dnatives.com/en/wp-content/uploads/sites/2/FDM-3D-printer.jpg
25,https://formlabs-media.formlabs.com/filer_public_thumbnails/filer_public/ac/92/ac924aa7-c818-4861-b392-f99086c811c7/image17.jpg__664x0_q85_subsampling-2.jpg
26,https://s3-eu-west-1.amazonaws.com/3dhubs-knowledgebase/intro-fdm-3d-printing/9-fdm-sample-infill.jpg
27,https://www.researchgate.net/profile/Longyu_Zhang2/publication/283664754/figure/fig3/AS:391448022274055@1470339889938/Fuse-Deposition-Modeling-FDM-3D-printing-principle.png
28,https://images-na.ssl-images-amazon.com/images/I/610KQ70SgoL._AC_SL1000_.jpg
29,https://www.kimya.fr/wp-content/uploads/2018/02/owaFDM-3-e1528813320546-1.jpg
30,https://upload.wikimedia.org/wikipedia/commons/8/8b/Prusa_i3_3D_Printer_-_Reprap_-_Completed.jpg
31,https://assets.hongkiat.com/uploads/things-know-buying-3d-printer/fused-deposition-modeling.jpg?newedit
32,https://3qcbdntxdyb43ubh6h0b0qgz-wpengine.netdna-ssl.com/wp-content/uploads/2018/03/FDM-1-720x400.png
33,https://upload.wikimedia.org/wikipedia/commons/thumb/7/70/FDM_printing_diagram.svg/400px-FDM_printing_diagram.svg.png
34,https://www.3dnatives.com/en/wp-content/uploads/sites/2/XXL_FDM3DPrinters_Cover.jpg
35,https://i.ytimg.com/vi/GxLjDNrQBgs/maxresdefault.jpg
36,https://www.sculpteo.com/blog/wp-content/uploads/2018/03/HP-blog-.jpg
37,https://3dprinting.com/wp-content/uploads/get-stronger-fdm-3d-prints.jpg
38,https://www.researchgate.net/publication/317108041/figure/fig1/AS:579115540586496@1515083312169/3D-printing-technologies-A-Fused-deposition-modeling-FDM-B-Directly-ink-writing.png
40,https://previews.123rf.com/images/mari1408/mari14081712/mari1408171200204/92112122-abstract-object-of-printed-by-3d-printer-on-white-background-fused-deposition-modeling-fdm-progressi.jpg
41,https://ars.els-cdn.com/content/image/1-s2.0-S2352492818300552-fx1.jpg
42,https://c8.alamy.com/comp/RBNTE8/models-printed-by-3d-printer-bright-colorful-objects-printed-on-a-3d-printer-on-a-table-close-up-fused-deposition-modeling-fdm-concept-modern-progressive-additive-technology-for-3d-printing-RBNTE8.jpg
43,https://5.imimg.com/data5/CI/TC/SX/SELLER-89865961/fdm-3d-printing-service-500x500.jpeg
44,https://www.stratasysdirect.com/-/media/features/resources/case-study-images/direct/articles/3d-printing-and-foundries-2/lsvsfdm.jpg?h=286&la=en&w=495&hash=D5131248B97B4001F7021469ABCEA8BE801C6646
45,https://images.squarespace-cdn.com/content/v1/51b94f0ce4b01efb8e2bde98/1545158222119-77KN0OY6SAIC5Y3IRTWD/ke17ZwdGBToddI8pDm48kAWw9kHsbbBzeYdYSba3ODZZw-zPPgdn4jUwVcJE1ZvWQUxwkmyExglNqGp0IvTJZUJFbgE-7XRK3dMEBRBhUpypzeOGxMCwHCgGkzmQo4jPj3oL7QOYUvq6CuY6N1w5cqfjfIzP7l2DGCa9rvfXsl4/FDM-3d-printed-custom-bracket.jpg
46,https://www.designworldonline.com/wp-content/uploads/650_B-1.jpg
47,https://i.pinimg.com/originals/61/13/8b/61138b04721da9f02a3f43ba2439bd63.png
48,https://www.3dpartsunlimited.com/wp-content/uploads/2018/05/3D-Parts-Unlimited-Blog-FDM-Diagram_1.jpg
49,"https://i.all3dp.com/cdn-cgi/image/fit=cover,w=1284,h=722,gravity=0.5x0.5,format=auto/wp-content/uploads/2018/08/26132802/consumablesic3dprinterscom-180829.jpg"
51,https://amfg.ai/wp-content/uploads/2017/11/MIT-desktop-FDM-3D-printer.png
52,https://c8.alamy.com/comp/RBNTHE/models-printed-by-3d-printer-bright-colorful-objects-printed-on-a-3d-printer-on-a-table-close-up-fused-deposition-modeling-fdm-concept-modern-progressive-additive-technology-for-3d-printing-RBNTHE.jpg
53,https://image.slidesharecdn.com/costingmodelforfdm3dprintedparts-presentationintop3dexpo-moscow20thsept2019-190922232357/95/costing-model-for-fdm-3d-printed-parts-presentation-in-top3d-expo-moscow-20th-sept-2019-1-638.jpg?cb=1569195303
55,https://ars.els-cdn.com/content/image/1-s2.0-S177322471500132X-fx1.jpg
56,https://www.3dprintacademy.co.uk/app/uploads/2018/10/Screen-Shot-2018-10-29-at-10.12.10.png
57,https://img2.cgtrader.com/items/2017243/6ee9ff9268/buzz-print-ready-for-fdm-or-sla-printing-3d-model-obj-mtl-stl.jpg
58,https://i0.wp.com/3dsourced.com/wp-content/uploads/2019/11/Fused-Deposition-Modeling-FDM-3D-printing-guide-cover-2020.jpg?fit=900%2C506&ssl=1
60,https://www.fujipress.jp/main/wp-content/themes/Fujipress/JRM/abst-image/00290004/15.jpg
62,https://www.whiteclouds.com/images/3d-printing/3d-printing-fdmprocess.jpg
63,https://www.hlhprototypes.com/wp-content/uploads/2014/11/Fused-Deposition-Modeling-1.jpg
64,https://icdn2.digitaltrends.com/image/digitaltrends/monoprice-maker-select-plus-3d-printer-full1-640x640.jpg
65,https://3dprinting.co.uk/wp-content/uploads/2016/08/polyjet-fdm-printing.jpg
66,https://as1.ftcdn.net/jpg/02/37/27/46/500_F_237274654_YtiCUS4gaZUobvW4XajeE9tIwiWjRisp.jpg
67,https://3dprint.com/wp-content/uploads/2018/11/pharmaceutics-graphical-abstract.png
68,https://www.additive.blog/wp-content/uploads/2017/03/FDM-3d-printing.jpg
69,https://www.marhellabs.com/fileadmin/user_upload/fdm-galerie.png.pagespeed.ce.oSpsaHmYlR.png
70,https://i.pinimg.com/originals/a0/96/74/a09674ff6a26e2754fcbc5cc2da14de3.jpg
71,https://cdn.thomasnet.com/insights-images/embedded-images/ccabc5cb-a70c-479a-9ecb-a6bd10a82d3e/ab97b65e-8379-44e2-b3a1-2e93d6ed2269/FullHD/different-types-of-3D-Printers-in-operation.jpg
72,https://website-3e90.kxcdn.com/wp-content/uploads/elementor/thumbs/website-nylon-1-obl13c3avcqlyuz4umx1w9zz12ruo9iasgbpao9bgo.jpg
74,https://s.pick3dprinter.com/wp-content/uploads/2020/05/3d-printing-processes.png
75,https://3qcbdntxdyb43ubh6h0b0qgz-wpengine.netdna-ssl.com/wp-content/uploads/2020/08/Screen-Shot-2018-09-17-at-9.01.50-AM.png
77,https://5.imimg.com/data5/BX/VQ/YS/SELLER-105660407/architectural-model-3d-printing-service-500x500.jpg
78,https://blog-static.custommade.com/blog/content/uploads/2014/10/3d-001.jpg
79,https://173250.smushcdn.com/1059234/wp-content/uploads/2016/08/Picture2.png?lossy=1&strip=1&webp=1
80,https://images.squarespace-cdn.com/content/v1/51b94f0ce4b01efb8e2bde98/1545158221479-NJPOUDNPNGABVX64I63K/ke17ZwdGBToddI8pDm48kH5uacRQiUmfLDnNljtU0dxZw-zPPgdn4jUwVcJE1ZvWQUxwkmyExglNqGp0IvTJZUJFbgE-7XRK3dMEBRBhUpwMqKEGG3BTxncZ4sUJFP4xxS6iqTPpk8NcPnjJWCK3yuNBmIsvTTJrk5WxdJ-G8VA/fdm-3d-printed-custom-clamp.jpg
81,https://www.materialise.com/sites/default/files/image-uploads/pages/Manufacturing/Technologies/fdm-applications_airbus-space-panel-interior-view_ultem-9085.jpg
82,https://c8.alamy.com/comp/R6BFBD/many-bright-multi-colored-objects-printed-on-3d-printer-lie-on-flat-surface-close-up-fused-deposition-modeling-fdm-concept-modern-progressive-additive-technology-for-3d-printing-R6BFBD.jpg
83,https://3dprint.com/wp-content/uploads/2018/09/Geared-direct-drive-extruder-with-all-metal-V6-hotend-on-an-Ultimaker-2.png
85,https://archive-media.formlabs.com/upload/FDMvsSLAvsSLS_3000.png
88,https://www.researchgate.net/profile/Lukas_Meier4/publication/312211141/figure/fig2/AS:450832769523717@1484498316875/D-printing-models-for-educational-purposes-a-b-SLA-transparent-full-heart-model.png
90,https://upload.wikimedia.org/wikipedia/commons/thumb/e/e8/3D_Printer_Extruder.png/400px-3D_Printer_Extruder.png
91,https://manufactur3dmag.com/wp-content/uploads/2018/01/Whats-Ahead-for-3D-Printing-in-2020-Industry-Week.png
92,https://static.soch3d.com/assets/images/content/types-of-3d-printing-soch3d.jpg
93,https://images-na.ssl-images-amazon.com/images/I/51NYCnoa13L._SL1001_.jpg
94,https://www.frontiersin.org/files/Articles/516624/fphar-11-00122-HTML-r3/image_m/fphar-11-00122-g001.jpg
95,https://amfg.ai/wp-content/uploads/2019/06/BigRep-PRO-3D-printers-1024x568.jpg
96,https://blog.zmorph3d.com/wp-content/uploads/2016/05/PringQuality_header_v2.jpg
98,https://blog.trimech.com/hs-fs/hubfs/TriMech%20Blog/SSYS/05%20May%202018/How%20to%20Design%20for%203D%20Printing%20Success/Image%201_How%20to%20Design%20for%203D%20Printing%20Success.png?width=602&name=Image%201_How%20to%20Design%20for%203D%20Printing%20Success.png
99,https://www.sinterit.com/wp-content/uploads/2019/04/shutterstock_579992011-1024x683.jpg
100,https://images.ctfassets.net/q2hzfkp3j57e/e0e34032feba3a281bfc333cda78d9d830d5666e/b3bf951a11123fc1128e29291e644843/dsc01013.jpg?w=400&h=300&fm=jpg&q=82
102,https://manufactur3dmag.com/wp-content/uploads/2018/02/Above-3D-Printed-parts-made-in-FDM-SLA-SLS-technology-from-left-to-right-Image-Credit-Formlabs.jpg
103,https://prototypingsolutions.com/wp-content/uploads/nylon12cfFootPedal.jpg
104,https://www.printspace3d.com/wp-content/uploads/2014/03/FDM_Illustration1.jpg
105,https://3dgence.com/wp-content/uploads/2020/02/FDM_print-420x256.jpg
106,https://image.made-in-china.com/202f0j00dsMacBPSLuGK/3DTALK-FUTURE-Industrial-Large-FDM-3D-Printer-Manufacturers-3D-Model-Printing-Service.jpg
107,https://www.creativitybuzz.org/wp-content/uploads/2020/04/Fused-Deposition-Modeling-FDM-3D-Printer.jpg
108,https://3qcbdntxdyb43ubh6h0b0qgz-wpengine.netdna-ssl.com/wp-content/uploads/2020/08/MakerBot-3D-Printing-Professional-Solutions-scaled.jpg
109,https://www.degruyter.com/view/journals/nanoph/9/5/graphic/full-j_nanoph-2019-0483_fig_001.jpg
110,https://filament2print.com/img/cms/blog/38/fdm-vs-sla-3d-printers.jpg
111,https://cdn.3faktur.com/wp-content/uploads/2016/10/FDM-3D-print-example-PLA-engine-mount-1.jpg
112,https://www.dinsmoreinc.com/wp-content/uploads/2014/08/FDM-3D-print-ABS-M-30-900x600.jpg
113,https://www.news-medical.net/image.axd?picture=2019%2F1%2FStrat.jpg
114,https://as1.ftcdn.net/jpg/02/40/77/94/500_F_240779489_dRnAKGj4mZaguYzaRF4zN14auzeGmzMG.jpg
115,https://image.made-in-china.com/202f0j00ubYGzkRIIecp/SLA-SLS-Fdm-3D-Printing-Resin-Plastic-Metal-Printing-Custom-Parts-Rapid-Prototype.jpg
116,https://i.pinimg.com/originals/7a/17/90/7a1790415cc5c8239ef48f825624b64b.jpg
117,https://media.springernature.com/m685/springer-static/image/art%3A10.1038%2Fs41598-020-67082-7/MediaObjects/41598_2020_67082_Fig1_HTML.png
118,https://starfishmedical.com/assets/3D-Printing-Zach-e1577138920282-300x165.jpg
119,https://www.curbellplastics.com/getmedia/215af0ad-424c-4501-aedd-d1e16502464a/3D_Printing_Red_Filament_2028x1544.png.aspx?width=353&height=269
120,https://s3files.core77.com/blog/images/965870_81_91269__AFWoQoU3.jpg
121,https://starfishmedical.com/assets/3D-Printing-Zach-e1577138920282-300x165.jpg
122,https://s3files.core77.com/blog/images/965870_81_91269__AFWoQoU3.jpg
123,https://files.cults3d.com/uploaders/15310244/illustration-file/98883202-834d-4971-b866-17a73d182b10/Bucking%20Bronco-Charge-Devil's%20Kiss-Murder%20of%20Crows-Possession-Return%20to%20Sender-Shock%20Jockey-Undertow-vigors-bioshock-3d-print-stl-model-fdm-pla-sls-3dprinting-11.jpg
124,https://www.curbellplastics.com/getmedia/215af0ad-424c-4501-aedd-d1e16502464a/3D_Printing_Red_Filament_2028x1544.png.aspx?width=353&height=269
125,https://www.designnews.com/sites/designnews.com/files/styles/article_featured_retina/public/image003_xmkzer_0.jpg?itok=nJMtd053
163,https://3dprint.com/wp-content/uploads/2020/06/one.jpg
164,https://images-na.ssl-images-amazon.com/images/I/51KtbyaPRrL._SR600%2C315_PIWhiteStrip%2CBottomLeft%2C0%2C35_SCLZZZZZZZ_.jpg
165,https://3dprint.com/wp-content/uploads/2020/02/one-16.png
167,https://previews.123rf.com/images/mari1408/mari14081809/mari1408180900127/110441607-many-bright-multi-colored-objects-printed-on-3d-printer-lie-on-flat-surface-close-up-fused-depositio.jpg
168,https://www-objects.markforged.com/craft/common/_1200x630_crop_center-center_82_none/5cffc4635bc0ee1627e75ff4_20180122-gps-0012.jpg?mtime=1595964548
169,https://blog.spatial.com/hs-fs/hubfs/Basic%20Schematics%20of%20an%20FDM%203D%20Printer.png?width=1333&name=Basic%20Schematics%20of%20an%20FDM%203D%20Printer.png
170,https://ars.els-cdn.com/content/image/1-s2.0-S2589965119300133-gr1.jpg
171,https://s3files.core77.com/blog/images/965873_81_91269_KDTZDC5c3.png
172,https://www.think3d.in/wp-content/uploads/2017/09/ABS-3D-Printer-Filament-e1506070858343.jpg
173,https://files.cults3d.com/uploaders/15310244/illustration-file/f3d5c5df-2fc8-460f-a16a-eed018876e63/Bucking%20Bronco-vigors-bioshock-3d-print-stl-model-fdm-pla-sls-3dprinting-22.png
174,https://i.pinimg.com/originals/1b/46/00/1b46006d3ca8b676251c0462243f3292.jpg
175,https://www.javelin-tech.com/3d-printer/wp-content/uploads/2016/05/architecture-3d-printed-model.jpg
176,https://hts-3d.com/wp-content/uploads/2016/05/Pod-Marketing.jpg
177,https://image.made-in-china.com/202f0j00aTqGgflIqMby/Tdp-1-200-200-200mm-Fdm-3D-Printer-for-Laptop-3D-Model-Hot-Sale.jpg
178,https://www.mjengineering.com/wp-content/uploads/2019/08/1.jpg
179,https://cdna.artstation.com/p/marketplace/presentation_assets/000/417/336/large/file.jpg?1592581657
181,https://image.slidesharecdn.com/6c35a3a6-c40a-465c-a311-2c8e057b07fe-160617162802/95/analysis-of-fdm-3d-printed-specimen-1-638.jpg?cb=1466180960
182,https://www.researchgate.net/profile/Dong_Hyeon_Ko/publication/320535437/figure/fig4/AS:551586651148288@1508519913608/3D-printed-microreactors-a-3D-printed-reactionware-made-by-FDM-type-3D-printers.png
183,https://www.3dnatives.com/en/wp-content/uploads/sites/2/FDM-vs-SLA-2.jpg
184,https://c8.alamy.com/comp/PKHHF6/many-bright-multi-colored-objects-printed-on-3d-printer-lie-on-flat-surface-close-up-fused-deposition-modeling-fdm-concept-modern-progressive-additive-technology-for-3d-printing-PKHHF6.jpg
186,https://blog.spatial.com/hubfs/image-2.png
187,https://i.ytimg.com/vi/SPtkOmP_HoA/hqdefault.jpg
188,https://www.gminsights.com/assets/img/3D-printing-materials-market-size.png
189,https://3dprintingcolorado.com/wp-content/uploads/2015/10/3DPrintingServices.FDM_.FFF_.jpg
190,https://www.openbiomedical.org/wordpress/wp-content/uploads/2017/02/polish-researchers-3d-print-affordable-preoperative-liver-model-fdm-technology-1.jpg
191,https://upload.wikimedia.org/wikipedia/commons/thumb/7/7b/3DBenchy_created_using_color_mixing_on_an_FDM_printer.jpg/220px-3DBenchy_created_using_color_mixing_on_an_FDM_printer.jpg
192,https://amfg.ai/wp-content/uploads/2019/02/FDM-3D-printing-materials.jpg
194,https://i.materialise.com/blog/wp-content/uploads/2020/07/fdm-table.jpg
195,https://5.imimg.com/data5/JC/ZA/KN/SELLER-67675934/3d-printing-services-500x500.jpg
197,https://www.frontiersin.org/files/Articles/453880/fbioe-07-00164-HTML/image_m/fbioe-07-00164-g001.jpg
198,https://i.all3dp.com/wp-content/uploads/2019/03/13140028/Die.jpg
199,https://3dprinting.com/wp-content/uploads/get-stronger-fdm-3d-prints.jpg
200,https://www.stratasysdirect.com/-/media/features/resources/case-study-images/direct/articles/fdm-vs-polyjet.jpg?h=286&la=en&w=495&hash=CA8E2E9975DEDAE187C7C3D920D35739B4E5C66C
201,https://i0.wp.com/tangibleday.com/wp-content/uploads/2020/04/FDM-printing-wip-rotated.jpeg?fit=768%2C1024&ssl=1
202,https://www.mdpi.com/polymers/polymers-12-00302/article_deploy/html/images/polymers-12-00302-ag-550.jpg
203,https://3devo.com/wp-content/uploads/2015/08/WHAT-KEEPS-3D-PRINTING-RUNNING-ALL-ABOUT-FDM-PRINTABLE-PLASTICS-AND-3D-PRINTING-FILAMENT-1030x845.jpg
204,https://www.3dprintingtoday.com/wp-content/uploads/2019/03/learn-and-grow-fused-deposition-modeling-fdm.jpg
205,https://www.in3dtec.com/wp-content/uploads/2020/09/IN3DTEC-FDM-3D-Printing-PACF.jpg
206,https://i.etsystatic.com/21245458/r/il/c5c0af/2132459097/il_570xN.2132459097_mcqr.jpg
207,https://www.stratasys.com/-/media/features/value-proposition/valueprop_video_fdm.png?h=285&w=460&la=en&hash=FA15AF68AC757B8A7FA7592D3FBA3D91AC29D2C9
208,https://www.gminsights.com/assets/img/automotive-3D-printing-market-pressrelease.jpg
209,https://blog.grabcad.com/wp-content/uploads/2017/09/fdm-vs-polyjet-624x345.png
210,https://www.gambody.com/image/796/at-m6-walker-star-wars-1_980x500.png
211,https://ak.picdn.net/shutterstock/videos/1024188518/thumb/1.jpg
212,https://top3dshop.com/image/catalog/blog/review_1/fff_fdm_technology_breakdown_differences_and_best_printers/image_1.jpg
213,"https://images.prismic.io/xometry-marketing/ffcbf396-595b-45ea-8d09-d98a959ede71_FDM+Fortus+450mc.jpg?auto=compress,format&rect=141,0,3363,3363&w=492&h=492"
214,https://svmakers.org/wp-content/uploads/sites/5/2020/06/M200-V3-1_E589AFE69CAC.jpg
215,https://www.protekmodels.com/wp-content/uploads/2019/10/FDM-3D-Printing-img-v241019.png
216,https://i.ytimg.com/vi/qvAVYLcvVr8/maxresdefault.jpg
217,https://www.dhresource.com/0x0/f2/albu/g10/M01/53/99/rBVaWV3SECyAKqjIAAJ8g7q4VbI082.jpg/3d-printing-service-for-fdm-pla-animation.jpg
218,https://miro.medium.com/max/564/1*oie2nt18n2S3MDk3O-4xLw.jpeg
219,https://thedailychronicle.in/wp-content/uploads/2020/09/A2Z-Market-Research-12-144.png
220,https://printmaker3d.com/wp-content/uploads/2020/04/printmaker3d-fdm-print-b.jpg
222,https://st4.depositphotos.com/3351009/23003/v/600/depositphotos_230037068-stock-video-3d-printer-working-fused-deposition.jpg
223,https://img-new.cgtrader.com/items/2534892/d67385cd84/oracle-model-for-3d-printing-fdm-sla-3d-model-obj-fbx.jpg
224,https://www.3dprintingtoday.com/wp-content/uploads/2019/03/fdm-vs-sls-3d-printing-whiteboard-wednesday.jpg
225,https://apm-designs.com/wp-content/uploads/2020/08/components-fdm-3d-printer.jpg
226,https://3dprintingindustry.com/wp-content/uploads/2014/12/tglase-filament-taulman-3d-printing-800.jpg
227,https://173250.smushcdn.com/1059234/wp-content/uploads/2018/04/Antero-800NA-2-450x500.jpg?lossy=1&strip=1&webp=1
228,https://images-na.ssl-images-amazon.com/images/I/51S-gnnl6-L._SL1300_.jpg
229,https://3dgence.com/wp-content/uploads/2020/02/FDM_print_2-scaled.jpg
230,https://www.sd3d.com/wp-content/uploads/2013/08/400px-FFF.png
231,https://sc02.alicdn.com/kf/HTB1xFWBOVXXXXapXXXXq6xXFXXXp.jpg_350x350.jpg
235,https://image.made-in-china.com/202f0j00RMIGsvUaOYqZ/PLA-ABS-PETG-TPU-Flexible-Fused-Deposition-Modeling-Fdm-3D-Printing.jpg
237,https://monroeengineering.com/blog/wp-content/uploads/2020/05/printer-4348147_640-300x200.jpg
238,https://www.dhresource.com/0x0/f2/albu/g8/M00/E0/05/rBVaVF0MjdeADHXMAAChacna0rk527.jpg/3d-printing-service-for-fdm-wood-filament.jpg
239,https://www.protekmodels.com/wp-content/uploads/2019/06/FDM-3D-Printed-Nylon-12-CF-3D-Printed-Part_01.jpg
242,https://omnexus.specialchem.com/_/media/articles/omnexus/neo-import/2018/3d-printing-sla-vs-fdm/3d-printing.jpg?h=400&w=400&la=en
243,https://static.cambridge.org/content/id/urn%3Acambridge.org%3Aid%3Aarticle%3AS0884291419002966/resource/name/S0884291419002966_figAb.jpeg?pub-status=live
244,https://files.cults3d.com/uploads/blueprint/previews/000/293/677/preview/craster.png
245,https://3space.com/wp-content/uploads/2020/03/infill-for-fdm-3d-printing.png
246,https://www.tth.com/hubfs/Website/Website%20Images/FDM/FDM-Part-2E-2.jpg
247,https://www.jtproto.com/wp-content/uploads/2020/06/Fused-Deposition-ModelingFDM-FDM-3d-printing.jpg
248,https://i.ytimg.com/vi/JMc45B6KmLs/maxresdefault.jpg
249,https://els-jbs-prod-cdn.jbs.elsevierhealth.com/cms/attachment/6e9ddcf8-d858-4968-9418-08d12ab9c8db/gr1_lrg.jpg
250,https://previews.123rf.com/images/mari1408/mari14081809/mari1408180900119/110371201-many-bright-multi-colored-objects-printed-on-3d-printer-lie-on-flat-surface-close-up-fused-depositio.jpg
251,https://www.researchgate.net/profile/Anton_Mironov/publication/324694518/figure/fig3/AS:618509532950529@1524475572771/A-result-of-test-3D-printing-test-model-with-FDM-technique-abronze-PLA-material.png
252,https://www.lodestar3d.com/images/products/fdm/fdm-2-2.png
253,https://5.imimg.com/data5/YX/UM/CT/SELLER-105660407/dental-3d-printing-service-500x500.jpg
254,https://www.3dprintingmedia.network/wp-content/uploads/2019/10/J850-1-780x405.jpg
255,https://icdn3.digitaltrends.com/image/digitaltrends/monoprice-maker-select-plus-3d-printer-bambiwa-640x640.jpg
256,https://images.squarespace-cdn.com/content/v1/51b94f0ce4b01efb8e2bde98/1545158221461-Z82F6GFOOZDF5DQEFMNZ/ke17ZwdGBToddI8pDm48kPMP-lR-st0jibY35q7VJppZw-zPPgdn4jUwVcJE1ZvWQUxwkmyExglNqGp0IvTJZUJFbgE-7XRK3dMEBRBhUpykKSwoPvehFrj8l4XALy9NHnTDln9wSnSDG9P7ZXflx_I9HHAFQ0EeoZs0o7LzCZ8/fused-desposition-modeling-custom-plastic-part.jpg
257,https://img.directindustry.com/pdf/repository_di/25745/fdm-polyjet-3d-printing-561860_1mg.jpg
258,https://my3dconcepts.com/wp-content/uploads/2018/06/FDM-Icon.png
259,https://tech-labs.com/sites/images/stratasys-materials/fdm-family.jpg
260,https://ars.els-cdn.com/content/image/1-s2.0-S0264127518308530-ga1.jpg
262,https://image.slidesharecdn.com/costingmodelforfdm3dprintedparts-presentationintop3dexpo-moscow20thsept2019-190922232357/95/costing-model-for-fdm-3d-printed-parts-presentation-in-top3d-expo-moscow-20th-sept-2019-4-638.jpg?cb=1569195303
263,https://hobbypress.net/wp/wp-content/uploads/2020/09/78c4a9bc-bae6-4f32-a439-f8786b0fdc10-1.jpg
264,https://thumbs.dreamstime.com/z/models-printed-d-printer-bright-colorful-objects-table-close-up-fused-deposition-modeling-fdm-concept-modern-progressive-128810283.jpg
265,https://assets.website-files.com/5edafb91e54ac890f22a00e2/5f34603fcd45b31e9c737032_The-Main-Differences-Between-FFF-and-FDM-Explained.jpg
266,https://www.lambda-tek.com/Stratasys-690-10100~sh/images/largeimgB42726971.jpg
267,https://www.think3d.in/wp-content/uploads/2016/07/FDM-3D-Printing-Wood-Filament-Elephant.jpg
268,https://ae01.alicdn.com/kf/H198548c4ad0d42e090e84265a792c356i/SIMAX3D-Mi-M200-Industrial-grade-3D-printer-DIY-desktop-large-size-high-precision-fdm-3d-printer.jpg_960x960.jpg
269,https://cdn.xl.thumbs.canstockphoto.com/3d-printer-working-fused-deposition-modeling-fdm-3d-printer-printing-an-object-from-plastic-stock-footage_csp71698814.jpg
271,https://media.cheggcdn.com/media%2F1d3%2F1d30307c-6b2b-4dad-bbaa-883b0fe8d586%2Fimage.png
272,https://www.tvcog.net/images/facility/Zones/3d1.jpg
273,https://i0.wp.com/additive3dasia.com/wp-content/uploads/2019/12/3D-Printing-Singapore-FDM.jpg?fit=800%2C533&ssl=1&is-pending-load=1
274,https://www.materialise.com/sites/default/files/image-uploads/pages/Blog/medical/Fractured-Calcaneus-3D-model-%E2%80%93-FDM.jpg
275,https://www.mdpi.com/ijms/ijms-21-00315/article_deploy/html/images/ijms-21-00315-g010.png
276,https://i.pinimg.com/originals/11/dd/fb/11ddfb18fa0aeeaae6925850c6bcdf54.jpg
278,https://sc01.alicdn.com/kf/HTB1Zxx0OVXXXXahXpXXq6xXFXXXu.jpg
279,https://inteng-storage.s3.amazonaws.com/images/FEBRUARY/sizes/3d_printer_recommend_resize_md.jpg
281,https://www.rcoeng.com/images/fdm%20print-crop-u11758924.jpg?crc=3933010451
283,"https://static.wixstatic.com/media/c7f345_60aa7057602d4b0b917ddba5ca45e272~mv2_d_1547_1909_s_2.jpg/v1/fill/w_406,h_500,al_c,q_80,usm_0.66_1.00_0.01/cam2_beauty_FINAL_181208.webp"
284,https://as2.ftcdn.net/jpg/02/40/77/95/500_F_240779504_2LyRcthPtWk8ezPdWWBsgoD8TqePpBNh.jpg
285,https://www.mh-mfg.com/sites/default/files/article-images/3dprinting.jpg
286,https://videohive.img.customer.envatousercontent.com/files/894082fb-6cf2-403e-8d50-580292b534d0/inline_image_preview.jpg?auto=compress%2Cformat&fit=crop&crop=top&max-h=8000&max-w=590&s=4b7943f8e40e710d3ae0fb33c0a4e6d1
287,https://storage.googleapis.com/stlfinder/101/halo-gun-3d-fdm-printing-kid-toy-free-3d-print-model-DHaH6UQY_200.jpg
288,https://3dprint.com/wp-content/uploads/2020/01/solid.png
289,https://www.intechopen.com/media/chapter/56857/media/F1.png
290,https://www.idea2parts.com/wp-content/uploads/2020/01/fdm1.jpg
293,https://st3.depositphotos.com/1006308/12567/i/950/depositphotos_125671178-stock-photo-3d-printer-fdm-fused-deposition.jpg
294,https://cdn.shopify.com/s/files/1/1853/8721/files/3d-extruder.png?v=1490414699
295,https://www.protekmodels.com/wp-content/uploads/2019/02/ProTek-Models-3D-Printing-Nylon-12.jpg
297,https://uvebtech.com/images/022218/printing.jpg
298,https://3dprintingindustry.com/wp-content/uploads/2016/05/FFF-Extrusion.png
299,https://images-na.ssl-images-amazon.com/images/I/61Jv4LnBc3L._SL1000_.jpg
300,https://www.gminsights.com/assets/img/healthcare-3D-printing-market-pressrelease.jpg
301,https://3space.com/wp-content/uploads/2018/11/fdm-3d-printed-manifold.png
302,https://i2.wp.com/tangibleday.com/wp-content/uploads/2020/04/3D-printed-blood-elf.jpg?fit=768%2C1024&ssl=1
303,https://img1.cgtrader.com/items/2017253/a0b20156a0/rex-print-ready-for-fdm-or-sla-printing-3d-model-obj-mtl-stl.jpg
304,https://www.electromaker.io/uploads/images/blog/thumb/Resin_FDM_3D_Printers.png
305,"https://static.wixstatic.com/media/634c55_a323d33b32d04570ae0fcf22570c525e.png/v1/fill/w_552,h_356,al_c,lg_1,q_85/634c55_a323d33b32d04570ae0fcf22570c525e.webp"
306,https://www.3dspectratech.com/wp-content/uploads/2017/12/FDM-3D-Printing-Services-Provider1-250x210.png
307,https://tfmindustrial.com/wp-content/uploads/2020/05/4-3.png
308,https://www.3dnatives.com/en/wp-content/uploads/sites/2/coverr-1.jpg
309,https://3d-printing-expert.com/wp-content/uploads/2018/03/Fused-Deposition-Modeling-FDM-300x190.jpg
310,https://hts-3d.com/wp-content/uploads/2016/05/ABS-Parts.jpg
311,https://t2221123.p.clickup-attachments.com/t2221123/c0aeac07-bb33-496b-bdfe-4cc9390a558e/20200630_141452.jpg
312,https://www.sigmaaldrich.com/content/dam/sigma-aldrich/articles/material-matters/mm-11-2/thermoplastic-filaments.jpg
314,https://i.ebayimg.com/images/g/iVsAAOSwL31dA851/s-l640.jpg
315,https://c8.alamy.com/comp/RBNTF0/models-printed-by-3d-printer-bright-colorful-objects-printed-on-a-3d-printer-on-a-table-close-up-fused-deposition-modeling-fdm-concept-modern-progressive-additive-technology-for-3d-printing-RBNTF0.jpg
316,https://i0.wp.com/3dadept.com/wp-content/uploads/2019/03/3DFF-222-3D-AutoFilament_839px-670x560.jpg?resize=670%2C560&ssl=1
317,https://preview.free3d.com/img/2016/03/2206058693252875549/5nan8gbf-900.jpg
318,https://gloimg.gbtcdn.com/storage/item/6583300490894446592/15713/ec73d4b684bc.jpg_500x500.jpg
319,https://images.squarespace-cdn.com/content/v1/5af1803d506fbef0bc69bead/1583601319616-4NC38M943Q5SGD3CUVVA/ke17ZwdGBToddI8pDm48kAt72yGFwHZjoxtmj75n0VMUqsxRUqqbr1mOJYKfIPR7LoDQ9mXPOjoJoqy81S2I8N_N4V1vUb5AoIIIbLZhVYy7Mythp_T-mtop-vrsUOmeInPi9iDjx9w8K4ZfjXt2dvp1wM0jvciobd5mvjBb-PkjbbxSYDSdt-BIyUswy_5eG6v6ULRah83RgHXAWD5lbQ/FDM_Banner.jpg?format=2500w
320,https://www.stratasysdirect.com/-/media/features/resources/case-study-images/direct/case-studies/0-to-60-3d-printing-mahle.jpg?h=286&la=en&w=495&hash=4697D3D43E756D5BA3DCEFC4F1BE1100CBBC2F76
321,https://www.lodestar3d.com/images/products/fdm/funmat.png
322,https://previews.123rf.com/images/mari1408/mari14081711/mari1408171100160/90751737-abstract-object-of-black-color-printed-with-supports-on-3d-printer-fused-deposition-modeling-fdm-pro.jpg
323,https://static.markforged.com/wf-assets/512-wf-i9asbk2v-667.jpg
324,https://www.ineo.es/images/2019/09/10/technologies-fdm-3d-printing-ineo-.jpg
325,https://website-3e90.kxcdn.com/wp-content/uploads/2019/03/Screenshot-2019-03-15-at-22.50.14-e1565789659903.png
326,https://files.cults3d.com/uploaders/14171599/illustration-file/29c0b86c-24c8-4d2e-98c2-66b8ad09cfae/0.0_large.jpg
327,https://www.sd3d.com/wp-content/uploads/2019/04/FDM-3D-printing.png
328,https://image.made-in-china.com/43f34j00zALEeniCErbq/Fused-Deposition-Modeling-FDM-Technology-Red-Color-Different-Size-3D-Printer-Using-ABS-PLA-PC-PVA-Material.jpg
329,https://www.itlmedical.com/images/uploads/images/ITl-3D-Printing-PNG.png
331,https://focenter.com/wp-content/uploads/2016/10/FDM-Fused-Deposition-Modeling-3D-printed-object-before-polishing-Fiber-Optic-Center.png
332,https://i2.wp.com/healthtechinsider.com/wp-content/uploads/VT-3D-printed-Prosthetics-600x276.jpg?resize=600%2C276&ssl=1
333,https://cdn.instructables.com/ORIG/FN7/6LHM/I2S6OI6E/FN76LHMI2S6OI6E.jpg?auto=webp&frame=1&width=320&md=d88b40902fab1b6cda6fb4962699cbf7
334,https://www.additive-3d.com/files/paragraphe/Additive-3d-impression-FDM-filament-PLA-ABS-PC_171114125718310.jpg
335,"https://res.cloudinary.com/engineering-com/image/upload/w_640,h_640,c_limit,q_auto,f_auto/StratasysPro001_zwcngs.jpg"
336,https://control.com/uploads/articles/image3.png-21e3_.jpg
337,"https://images.prismic.io/xometry-marketing/cacd8401-8bb8-418b-9a37-754d5056964d_FDM+production+3D+printing+services.jpg?auto=compress,format&rect=886,24,409,409&w=486&h=486"
338,https://www.arrowcryogenics.com/images/client/3D-FDM.jpg
339,https://goproto.com/wp-content/uploads/2020/04/FDM-designing-guide.jpg
340,https://blog.zmorph3d.com/wp-content/uploads/2016/05/PrintQuality-3-1024x682.jpg
341,https://thumbs.dreamstime.com/z/models-printed-d-printer-bright-colorful-objects-table-close-up-fused-deposition-modeling-fdm-concept-modern-progressive-145276760.jpg
342,https://1.bp.blogspot.com/-ri4L6D2pVsw/XoiwBbwvMpI/AAAAAAAAAH0/fZf0ZQcWKSc25VgDsrtQupZODA2I1QuvACNcBGAsYHQ/s1600/FDM%2BExtruder%2BAssembly.jpg
344,https://cdn.3faktur.com/wp-content/uploads/2016/10/FDM-3D-print-example-hobby-applications.jpg
345,https://www.pharmaexcipients.com/wp-content/uploads/2018/08/process-of-fused-deposition-modeling-fdm-3d-printing-of-capsules-with-multiple-separate-compartments.jpg
347,https://www.ams3d.co.za/uploads/2/4/8/5/24856794/published/fdm_1.png
348,https://upload.wikimedia.org/wikipedia/commons/thumb/c/c8/Schematic_representation_of_Fused_Filament_Fabrication_01.png/220px-Schematic_representation_of_Fused_Filament_Fabrication_01.png
349,https://i.ytimg.com/vi/SBHHwid7DWM/hqdefault.jpg
350,https://centrumdruku3d.pl/wp-content/uploads/2015/02/Monkeyfab-autosave-01.jpg
351,"https://i.all3dp.com/cdn-cgi/image/fit=cover,w=600,gravity=0.5x0.5,format=auto/wp-content/uploads/2017/11/26231321/degrade_on_demand_printer.jpg"
352,https://videohive.img.customer.envatousercontent.com/files/4fcb2d55-54de-4689-bcc8-60f640552078/inline_image_preview.jpg?auto=compress%2Cformat&fit=crop&crop=top&max-h=8000&max-w=590&s=fb940ecf977fe827211e1c3a82b2d0bd
353,https://www.3dprintingtoday.com/wp-content/uploads/2019/02/The-Basics-of-FDM-Printing.jpg
355,https://www.padtinc.com/blog/wp-content/uploads/2015/12/fdmdefects-1024x593.jpg
356,https://ae01.alicdn.com/kf/H994ae9974adc4364bf2ee915a4722dfdk/SUNLU-S8-FDM-3D-Printer-100mm-s-Upgraded-Magnetic-Build-Plate-Resume-Printing-Power-Failure-Printing.jpg_q50.jpg
357,https://www.whiteclouds.com/images/3d-printing/3d-printing-gilamonstermodel.jpg
358,https://graphics.rwth-aachen.de/media/paper_images/306/snap.jpg
359,https://www.researchgate.net/publication/317108041/figure/fig1/AS:579115540586496@1515083312169/3D-printing-technologies-A-Fused-deposition-modeling-FDM-B-Directly-ink-writing_Q640.jpg
360,https://i.pinimg.com/originals/68/76/9d/68769d4fc2b0fbe19f2d95c29da1ecba.png
361,https://formlabs-media.formlabs.com/filer_public_thumbnails/filer_public/9e/c8/9ec88bd3-087d-471f-8448-28a8112604fe/roi_blog_herojpg__1354x0_q85_subsampling-2.jpg__664x0_q85_subsampling-2.jpg
362,https://3qcbdntxdyb43ubh6h0b0qgz-wpengine.netdna-ssl.com/wp-content/uploads/2020/08/IMG_20200512_172422-scaled.jpg
363,https://www.mdpi.com/micromachines/micromachines-09-00027/article_deploy/html/images/micromachines-09-00027-g001.png
364,https://ars.els-cdn.com/content/image/1-s2.0-S1359836818335686-fx1.jpg
365,https://static.turbosquid.com/Preview/2020/02/08__03_27_17/1.jpg682EB477-AB59-4565-A937-049CF4C4F3DDLarge.jpg
366,https://www.goengineer.com/Uploads/ULTEM%209085%20Material%20for%20Stratasys%20FDM%203D%20Printers.jpg
367,https://www.rcoeng.com/images/fdm%203d%20printed%20parts.jpg?crc=500682998
368,https://manufactur3dmag.com/wp-content/uploads/2019/05/Zortrax-M300-Dual-FDM-3D-Printer-2.png
370,https://www.dhresource.com/0x0/f2/albu/g8/M01/DA/BB/rBVaV13XYnqARm7wAABSXBEpgUU903.jpg/3d-printing-service-for-fdm-tpu-animation.jpg
371,https://as1.ftcdn.net/jpg/02/38/99/34/500_F_238993448_BavzYATL3TMGQYOhRSWOjSktIQFTsdtu.jpg
372,https://img1.cgtrader.com/items/2213296/0a3920498b/turtle-warrior-with-swords-bust-and-a-container-base-fdm-3d-model-obj-fbx-stl.jpg
373,https://storage.googleapis.com/stlfinder/86/immortal-flying-car-for-fdm-printers-3d-print-model-wFZFUx8s_200.jpg
374,https://sc01.alicdn.com/kf/HTB1hc_deEvMR1JjSZPcq6A1tFXaL/200777436/HTB1hc_deEvMR1JjSZPcq6A1tFXaL.jpg_.webp
375,https://icdn4.digitaltrends.com/image/digitaltrends/monoprice-mini-delta-3d-printer-backspool-2-640x640.jpg
376,https://www.stratasys.com/-/media/features/case-study/fdmsystems_thumbnail.jpg?h=221&w=480&la=en&hash=EF2E24C6C52818D46298F2EBA22520BC11239C64
377,https://www.javelin-tech.com/3d-printer/wp-content/uploads/2016/04/3d-printed-aventador-featured.jpg
378,https://s3files.core77.com/blog/images/965872_81_91269_jhgLKubTY.jpg
379,https://images-na.ssl-images-amazon.com/images/I/61CvSY7%2B9vL._SX342_.jpg
380,https://files.cults3d.com/uploaders/15310244/illustration-file/4b9d1340-dccc-4646-a852-ddf374f6af51/witcher-3d-print-stl-model-fdm-pla-sls-3dprinting-000000001_large.jpg
381,https://st3.depositphotos.com/3351009/18019/v/600/depositphotos_180192598-stock-video-objects-printed-by-3d-printer.jpg
382,https://www.sculpteo.com/blog/wp-content/uploads/2018/07/Untitled-design.jpg
383,https://ak.picdn.net/shutterstock/videos/1021168603/thumb/1.jpg?ip=x480
384,https://t2221123.p.clickup-attachments.com/t2221123/c63e14b3-4720-4d5a-843f-207c85b865e6/20200630_141257.jpg
385,https://www.stratasysdirect.com/-/media/direct/fdm/black-fdm-part.png?h=356&w=373&la=fr&hash=1D28D5185F8AA5EE6F49AB2037A9C0E325731B78
386,https://makerspace.rutgers.edu/sites/makerspace.rutgers.edu/files/images/Annotation%202020-03-23%20165104.png
388,https://3dprint.com/wp-content/uploads/2018/08/FDM-research.png
389,https://c8.alamy.com/comp/RBNTE4/models-printed-by-3d-printer-bright-colorful-objects-printed-on-a-3d-printer-on-a-table-close-up-fused-deposition-modeling-fdm-concept-modern-progressive-additive-technology-for-3d-printing-RBNTE4.jpg
390,https://www.3dnatives.com/en/wp-content/uploads/sites/2/2020/10/200915_GENERA_3DNatives_Banner_ENG_400x330px.jpg
391,https://www.protekmodels.com/wp-content/uploads/2019/02/ProTek-FDM-3D-Printing-ABS-M30.jpg
392,https://image.made-in-china.com/43f34j00kULfRzysYrbv/Fused-Deposition-Modeling-fdm-Technology-Flashforge-Dreamer-3D-Printer-Using-ABS-PLA-Material.jpg
393,https://www.additive.blog/wp-content/uploads/2017/03/FDM-FFF-3d-printer-support-structure-2a.jpg
394,https://www.ineo.es/images/2019/09/10/technologies-fdm-3d-printing-ineo-applications.jpg
395,https://i1.wp.com/www.padtinc.com/blog/wp-content/uploads/2015/12/Li2002.jpg?resize=481%2C528
396,https://miro.medium.com/max/5100/1*8OBPMOH4jIegYdKQscrdQQ.jpeg
397,"https://static.wixstatic.com/media/c344f4_ff564091a050476aaf235309e0b86bd7~mv2.jpg/v1/fit/w_1024,h_786,al_c,q_80/file.jpg"
398,https://blog.zmorph3d.com/wp-content/uploads/2016/05/IMG_4305-1024x768.jpg
400,https://thumbs.dreamstime.com/z/d-printer-fdm-fused-deposition-modeling-additive-manufacturing-technology-commonly-used-modeling-prototyping-78237331.jpg
402,"https://images.prismic.io/xometry-marketing/b804190f-287c-4500-ad0c-8f7802d7f5bb_FDM+3D+printed+blue+bracket+ABS.jpg?auto=compress,format&rect=796,347,933,933&w=486&h=486"
403,https://images.ctfassets.net/q2hzfkp3j57e/5fb296e08ad13147c2b90973b54ff4b67470fedf/8e765eab4ec71a3e7cace5d243dc61b4/dsc09985_1.jpg?w=400&h=300&fm=jpg&q=82
404,https://www.researchgate.net/publication/321804288/figure/fig2/AS:579059352600576@1515069916338/Proposed-FDM-3D-printed-part-filament-deposition-patterns-and-measuring-direction.png
405,https://gadgetchalet.com/wp-content/uploads/2019/08/Best-3D-Printers-FDM-300x200.jpg?a8f468&a8f468
406,https://i.pinimg.com/originals/8e/f5/6f/8ef56f236ab96e4cbc6a1ece2f3b31ae.jpg
407,https://vexmatech.com/images/img-m/m1/rearr/new_images_FDM/titan%20x.jpg
408,https://amfg.ai/wp-content/uploads/2019/01/Polymers.png
409,https://cdn.3faktur.com/wp-content/uploads/2016/03/Beispiel-FDM-Zahnrad-gro%C3%9F.jpg
411,https://ars.els-cdn.com/content/image/1-s2.0-S0378517320301393-ga1.jpg
412,https://previews.123rf.com/images/mari1408/mari14082002/mari1408200200036/141414805-abstract-object-of-a-black-color-printed-by-3d-printer-fused-deposition-modeling-fdm-progressive-mod.jpg
413,https://image.slidesharecdn.com/introof3dprinting-151014014711-lva1-app6891/95/introduction-of-3d-printing-7-638.jpg?cb=1444787286
415,https://ae01.alicdn.com/kf/HTB1fchAKVXXXXX_aXXXq6xXFXXXV/Wanhao-I3V2-1-3D-Printer-Model-FDM-molding-with-the-0-1mm-Resolution-free-test-filament.jpg_Q90.jpg_.webp
416,https://www.cati.com/wp-content/uploads/fdm-vs-polyjet-infographic0-2.png
417,https://i.all3dp.com/wp-content/uploads/2015/10/27130539/moonray.jpg
418,https://www.dhresource.com/0x0/f2/albu/g4/M00/04/57/rBVaEFdVJNuAbKvRAAHC0LVy4sw038.jpg/fast-prototyping-fdm-desktop-heatbed-big.jpg
419,https://3devo.com/wp-content/uploads/2015/08/3D-printing-techonologies.jpg
420,https://www.stratasysdirect.com/-/media/features/resources/case-study-images/direct/articles/benefits-of-cnc-machining-fdm-parts.jpg?h=286&la=en&w=495&hash=03EF439F78BC2327AD81A1F86B4E2883F2A68D0F
421,https://img2.cgtrader.com/items/2017248/29ba9b5fae/alien-toy-print-ready-for-fdm-or-sla-printing-3d-print-model-3d-model-obj-mtl-stl.jpg
422,https://image.shutterstock.com/image-photo/3d-printer-printing-model-form-260nw-1400689271.jpg
423,https://www.javelin-tech.com/blog/wp-content/uploads/bb-plugin/cache/vapour-smoothing-600x401-panorama.jpg
424,https://files.cults3d.com/uploaders/15228842/illustration-file/b9ef8550-4cff-4067-9aba-1f50f6c3f0db/container_dragon-knight-overlord-28mm-3d-printing-285031_large.jpg
425,https://storage.googleapis.com/stlfinder/109/dungeons-and-dragons-inspiration-trackers-3d-printable-fdm-sla-3d-print-model-FDDk7wml_200.jpg
426,https://www.think3d.in/wp-content/uploads/2016/07/1-material.png
427,https://3dprintingindustry.com/wp-content/uploads/2017/04/Screen-Shot-2017-04-19-at-16.30.04-1024x578.png
428,https://image.made-in-china.com/202f0j00USBtiZugVrRp/3DTALK-2019-Hot-Selling-New-Model-Fdm-Desktop-Digital-FDM-Screen-3D-Printer.jpg
429,https://st4.depositphotos.com/3351009/23003/v/600/depositphotos_230035840-stock-video-3d-printer-working-fused-deposition.jpg
430,https://sc02.alicdn.com/kf/HTB1NhD7XMCYW1JjSZFCq6AxLVXaW/200777436/HTB1NhD7XMCYW1JjSZFCq6AxLVXaW.jpg_.webp
431,https://c8.alamy.com/comp/R6BF86/bright-light-brown-object-in-shape-of-caterpillar-toy-printed-on-3d-printer-isolated-on-white-background-fused-deposition-modeling-fdm-concept-modern-progressive-additive-technology-for-3d-printing-R6BF86.jpg
432,https://www.protekmodels.com/wp-content/uploads/2019/02/ProTek-Models-3D-Printing-Nylon-6.jpg
433,https://www.materialise.com/sites/default/files/image-uploads/20170921_materialise_273-compressorkkkk.jpg
434,https://images-na.ssl-images-amazon.com/images/I/51TE%2Bwk4EKL._AC_SX355_.jpg
435,https://3dprint.com/wp-content/uploads/2019/08/FDM.jpg
437,https://www.anet3d.com/wp-content/uploads/2020/07/ET5.png
438,https://www.additive.blog/wp-content/uploads/2017/03/FDM-FFF-3d-printer-support-structure-1a.jpg
440,https://www.graphicalresearch.com/assets/img/healthcare-3d-printing-asia-pacific-market.png
441,https://preview.free3d.com/img/2016/03/2206058693252875549/ruffimyq-900.jpg
442,https://manufactur3dmag.com/wp-content/uploads/2018/04/Post-processing-Sanding-1024x576.jpg
443,https://www.autocarpro.in/Utils/ImageResizer.ashx?n=http://img.haymarketsac.in/autocarpro/c9245214-693e-455c-a475-fa3d5f28bcdb.jpg&h=485&w=735
444,https://www.mystem3d.in/media/catalog/product/cache/1/small_image/230x/9df78eab33525d08d6e5fb8d27136e95/R/o/RobotechX13dprinter.jpg
445,https://thumbs.dreamstime.com/z/d-printer-fdm-fused-deposition-modeling-additive-manufacturing-technology-commonly-used-modeling-prototyping-78233357.jpg
447,https://i.pinimg.com/originals/4f/22/99/4f2299f74eb6c0927da17784a3af9f87.jpg
448,https://upload.wikimedia.org/wikipedia/commons/thumb/7/7a/Shaperjet_3D_Printer.jpg/220px-Shaperjet_3D_Printer.jpg
449,https://s3-eu-west-1.amazonaws.com/3dhubs-knowledgebase/intro-fdm-3d-printing/10-thermo-pyramid.png
450,https://www.stratasys.com/-/media/features/materials/image-gallery/image_gallery_abs_m30_architectural_model.png
451,https://ars.els-cdn.com/content/image/1-s2.0-S0378517318302825-fx1.jpg
453,https://comps.canstockphoto.com/abstract-object-printed-by-3d-printer-on-picture_csp57085878.jpg
454,https://home3dprints.com/wp-content/uploads/2019/08/Colored-Filament.png
456,https://5.imimg.com/data5/NP/IX/MY-8652246/medical-models-3d-printing-500x500.jpg
459,"https://static.wixstatic.com/media/f24318_84f8377010d24c72b9a59e6f6a1cfdc7~mv2.jpg/v1/fill/w_626,h_328/f24318_84f8377010d24c72b9a59e6f6a1cfdc7~mv2.jpg"
460,https://image.slidesharecdn.com/costingmodelforfdm3dprintedparts-presentationintop3dexpo-moscow20thsept2019-190922232357/95/costing-model-for-fdm-3d-printed-parts-presentation-in-top3d-expo-moscow-20th-sept-2019-3-638.jpg?cb=1569195303
461,"https://i.all3dp.com/cdn-cgi/image/fit=cover,w=1284,h=722,gravity=0.5x0.5,format=auto/wp-content/uploads/2019/08/12135355/fdm-3d-printer-being-used-in-a-workshop-blogzmorph3dcom-190803.jpg"
462,https://blogs-images.forbes.com/louiscolumbus/files/2018/05/3d-printing-integration-and-benefits.jpg
464,https://media.cheatography.com/storage/thumb/deleted-2754_3d-printing-options.750.jpg
466,https://i.ytimg.com/vi/nFm5fef545E/maxresdefault.jpg
467,https://www.materialise.com/sites/default/files/image-uploads/pages/Manufacturing/OG/OG_3d-printing-technology-fused-depostion-modeling.jpg
468,https://thedailychronicle.in/wp-content/uploads/2020/09/Fused-Deposition-Modeling-3D-Printing-Market.png
469,"https://images.prismic.io/xometry-marketing/9ab770f8-05c6-4146-8e94-c4076ffd8af9_Rounded+Square+FDM+Fused+Deposition+Modeling+3D+Printing+Process+Icon.png?auto=compress,format&rect=0,0,256,256&w=200&h=200"
470,https://www.anet3d.com/wp-content/uploads/2020/07/ET4.png
471,https://3dinsider.com/wp-content/uploads/2018/03/3d-printing-fdm-vs-fff-vs-sla-vs-sls-1280x720.jpg
472,https://files.cults3d.com/uploads/blueprint/previews/000/293/656/preview/craster.png
473,https://www.marhellabs.com/fileadmin/user_upload/fdm-galerie-3.png.pagespeed.ce.p52s2KG7ZG.png
474,https://play.vidyard.com/thHT7MLMRNXCcsgeWJLN5i.jpg
475,https://www.cati.com/wp-content/uploads/FDM1.png
476,https://arrival3d.com/wp-content/uploads/2019/12/multimaterial-example.jpg
477,https://cdn.shopify.com/s/files/1/0076/8212/9975/files/creality-3d-printer-modeling-FDM-3D-printer-01.jpg?v=1585044494
478,https://www.protekmodels.com/wp-content/uploads/2020/07/FDM-3D-Printed-Headlight-Parts.jpg
479,https://prototypingsolutions.com/wp-content/uploads/BrakeApparatus_MQ.jpg
480,https://www.pioneeringminds.com/wp-content/uploads/2019/10/3D-Printing-103019.jpg
481,https://3dprintingindustry.com/wp-content/uploads/2020/06/Method-timeline.jpg
482,https://inteng-storage.s3.amazonaws.com/images/FEBRUARY/sizes/3DSLA_FDM_SLS_resize_md.jpg
483,https://lirp-cdn.multiscreensite.com/5cbae55a/dms3rep/multi/opt/3DPrintingProcesses_1000x1000_FDM_ABS_Handle-640w.jpg
484,https://c8.alamy.com/comp/PKHHFA/many-bright-multi-colored-objects-printed-on-3d-printer-lie-on-flat-surface-close-up-fused-deposition-modeling-fdm-concept-modern-progressive-additive-technology-for-3d-printing-PKHHFA.jpg
485,https://cdn2.sculpteo.com/wp-content/uploads/2020/01/FDMvsSLAvsSLS-min-1.jpg
486,https://storage.googleapis.com/stlfinder/99/piston-fdm-printing-3d-print-model-YJbNVQux_200.jpg
487,https://content.instructables.com/ORIG/F49/0WGA/IY4QKRZQ/F490WGAIY4QKRZQ.jpg?auto=webp&frame=1&width=320&md=b29d17c5d1a8de746c7c5efd9b8e60a5
488,https://image.made-in-china.com/202f0j00GCDYsjUJnRbS/PLA-ABS-PETG-TPU-Flexible-Fused-Deposition-Modeling-Fdm-3D-Printing.jpg
489,https://ae01.alicdn.com/kf/HTB1uMcKcf1H3KVjSZFBq6zSMXXaG/1set-CNC-FDM-3D-Printer-Parts-Repair-Knife-Tool-Kit-Set-for-3D-Printed-Model-Deburring.jpg
490,https://aapm.onlinelibrary.wiley.com/cms/asset/d6dc949a-7e16-4f59-a071-70f4b8aea318/mp13058-fig-0013-m.jpg
491,https://des.gbtcdn.com/uploads/pdm-desc-pic/Electronic/image/2019/10/16/1571187072296447.jpg
492,https://ae01.alicdn.com/kf/H3ea5275634fb4e8bbf3144e290d4b943u/high-quality-housing-plastic-model-prototyping-fdm-polyjet-3d-printing-service-plastic-injection-molding.jpg_Q90.jpg_.webp
493,https://www.digitalmanu.net/uploads/%E6%A1%88%E4%BE%8B3.png
494,https://purpleporcupine.com/wp-content/uploads/2018/12/Picture8.png
495,https://st4.depositphotos.com/3351009/27307/v/600/depositphotos_273070942-stock-video-3d-printer-working-fused-deposition.jpg
496,https://3qcbdntxdyb43ubh6h0b0qgz-wpengine.netdna-ssl.com/wp-content/uploads/2019/07/Method-printers-on-black_overview.png
497,https://tangiblecreative.com/wp-content/uploads/2020/02/64277305_436542117126520_1407935527109263360_n-1024x1024.jpg
498,https://image.shutterstock.com/image-vector/3d-printing-technology-concept-fused-600w-1525300277.jpg
500,https://img2.cgtrader.com/items/2213365/54e51fd03d/shredder-bebop-rocksteady-foot-ninja-busts-fdm-3d-model-obj-fbx-stl.jpg
501,https://media.springernature.com/lw685/springer-static/image/art%3A10.1007%2Fs00170-020-05847-0/MediaObjects/170_2020_5847_Fig2_HTML.png
502,https://d1rkab7tlqy5f1.cloudfront.net/IO/Onderzoek/Delft_Design_Labs/CDAM/CDAM_Project_RFGFDM_Thumbnail.png
503,https://vexmatech.com/images/img-m/m1/rearr/new_images_FDM/ALLOY%20910.jpg
504,https://www.pongratz-engineering.com/wp-content/uploads/2014/09/FDM-BLOG-CLOSE-300x200.jpg
505,https://parametric-architecture.com/wp-content/uploads/2020/07/PA_3D-WEBSITE-04.jpg
506,https://previews.123rf.com/images/mari1408/mari14082002/mari1408200200199/140591347-abstract-object-of-a-black-color-printed-by-3d-printer-fused-deposition-modeling-fdm-progressive-mod.jpg
507,https://s.pick3dprinter.com/wp-content/uploads/thumbs_dir/ultimaker-s5-design-orelx7qtbz0w6op4wuycqi8fnof00ec7wb2u63ssc0.jpg
508,https://www.3dnatives.com/en/wp-content/uploads/sites/2/HPP_cover-1.jpg
509,https://amfg.ai/wp-content/uploads/2018/05/Design-considerations-3D-printing.jpg
510,https://www.researchgate.net/publication/335018127/figure/fig2/AS:789256276549633@1565184768785/Fused-deposition-modeling-FDM-3D-printer-parameters-studied-in-the-work.png
511,https://2l2cay2y05fl2aba9x29f5xj-wpengine.netdna-ssl.com/wp-content/uploads/2020/08/596801c71203a25215429754_3DP_ABS_3389-p-1080.jpg
512,https://www.stratasysdirect.com/-/media/features/resources/case-study-images/direct/case-studies/sdm-delivers-nascar.jpg?h=286&la=en&w=495&hash=FCC9DCD9ABD5AA3A40B4D8F401345C80C8D6C102
513,https://labiche-renard.com/wp-content/uploads/2017/04/3d_filament.jpg
514,https://web.eng.tau.ac.il/~noala/wp-content/uploads/2019/05/BCN3D-Sigma-e1565788771735-300x225.jpg
515,https://images.elecfreaks.com/mageplaza/blog/post/uploads/2015/03/elf-3d-model-.jpg
516,https://i2.wp.com/additive3dasia.com/wp-content/uploads/2020/07/FDM.jpg?fit=1024%2C683&ssl=1&is-pending-load=1
518,https://preview.free3d.com/img/2016/03/2206058693252875549/v8fjlmka-900.jpg
519,https://thumbs.dreamstime.com/z/d-printer-fdm-fused-deposition-modeling-additive-manufacturing-technology-commonly-used-modeling-prototyping-78236869.jpg
521,https://upload.wikimedia.org/wikipedia/commons/6/65/3D-printed_3DBenchy_by_Creative_Tools.jpg
522,https://altairuniversity.com/wp-content/uploads/2017/03/IMG_1202-300x300.jpg
523,https://www.techpats.com/wp-content/uploads/2017/04/TechPats-fused-deposition-modelling.png
524,https://i2.wp.com/www.3dprintmoney.com/wp-content/uploads/2020/09/Print-parameters-BQ-Hephestos.png?resize=900%2C318
525,https://www.allthat3d.com/wp-content/uploads/2017/01/best-3d-printing-services-300x177.jpg
526,https://autotiv.com/assets/fused-deposition-modeling.jpg
527,https://cdnp3.stackassets.com/9bd37b8dba3599912c56f7e3eed4f541b792a383/store/dfec8960f586c97e26b20ef1ea2dd7fd4e8178501f3af9831bc6a5d27e2e/product_32462_product_shots1.jpg
528,https://www.3deo.co/wp-content/uploads/2018/03/Wordpress-18.png
529,https://www.lambda-tek.com/Stratasys-680-50400~sh/images/largeimgB42726993.jpg
530,https://website-3e90.kxcdn.com/wp-content/uploads/elementor/thumbs/BASF_TPU-e1602148678362-owlwfr72q2xw0akszgv9dypl5nqrsz26ak8akthy1o.jpg
532,https://creatz3d.com.sg/wp-content/uploads/2017/06/FDM-3D-printers.jpg
534,https://5.imimg.com/data5/VI/JX/LL/SELLER-12603058/architecture-fdm-3d-printing-services-500x500.jpeg
535,https://www.digitalmanu.net/uploads/timg-1.jpg
536,https://173250.smushcdn.com/1059234/wp-content/uploads/2016/08/3d-production.png?lossy=1&strip=1&webp=1
537,https://www.mdpi.com/polymers/polymers-11-01094/article_deploy/html/images/polymers-11-01094-g005.png
539,https://www.mystem3d.in/media/catalog/product/cache/1/small_image/230x/9df78eab33525d08d6e5fb8d27136e95/R/o/Robotech_XY2_3d_printer.jpg
540,https://ars.els-cdn.com/content/image/1-s2.0-S2214785319339136-gr1.jpg
541,https://prototypingsolutions.com/wp-content/uploads/tta-2.jpg
543,https://d3i71xaburhd42.cloudfront.net/2f256239ab0ac6600671b33ae9927b6294e371dc/1-Figure1-1.png
544,https://media.springernature.com/lw685/springer-static/image/art%3A10.1186%2Fs41205-018-0035-6/MediaObjects/41205_2018_35_Fig2_HTML.png
545,https://manufactur3dmag.com/wp-content/uploads/2018/04/Post-processing-Polishing.png
546,https://i.pinimg.com/originals/9d/90/31/9d903177a93d0868b35497178a0a49da.png
547,https://www.electromaker.io/uploads/images/Blog/Resin%20vs%20Filament%203D%20Printers%3A%20Is%20an%20FDM%20vs%20SLA%20Printer%20Right%20for%20You%3F/printer-2416270_1920.jpg
548,https://cdn-a.william-reed.com/var/wrbm_gb_food_pharma/storage/images/1/1/5/0/2030511-1-eng-GB/Magic-Candy-Factory-creates-3D-candies-in-under-5-minutes.jpg
549,https://www.additive-3d.com/files/paragraphe/FDM-EXEMPLE-IMPRESSION-3D_190102153149366.jpg
550,https://innovate.business.uconn.edu/wp-content/uploads/sites/2164/2018/10/Screen-Shot-2018-10-15-at-8.17.43-PM-400x265.png
551,https://www.stratasys.com/-/media/features/materials/image-gallery/image_gallery_ultem1010_fdm_ai__compositetooling.jpg
553,https://st4.depositphotos.com/3351009/27221/v/600/depositphotos_272215940-stock-video-3d-printer-working-fused-deposition.jpg
555,https://ak.picdn.net/shutterstock/videos/1030913627/thumb/1.jpg?ip=x480
557,https://c8.alamy.com/comp/PPM3W9/bright-light-yellow-object-in-shape-of-pig-toy-printed-on-3d-printer-isolated-on-white-background-fused-deposition-modeling-fdm-concept-modern-progressive-additive-technology-for-3d-printing-PPM3W9.jpg
559,https://www.imakr.com/img/cms/categoryPages/3dPrinters/largebuild.jpg
560,https://images.theconversation.com/files/151799/original/image-20170105-18647-14mxlly.png?ixlib=rb-1.1.0&q=45&auto=format&w=320&h=419&fit=crop
561,https://img.youtube.com/vi/Jo7YjRAn_vE/maxresdefault.jpg
562,https://www.whiteclouds.com/images/3d-printers/3d-printers-creality-cr-fdm-printer.jpg
563,https://www.shapeways.com/wordpress/wp-content/uploads/2008/09/shapewayssrv41.jpg
564,https://files.cults3d.com/uploads/blueprint/previews/000/293/650/preview/craster.png
565,https://comps.canstockphoto.com/models-printed-by-3d-printer-bright-stock-photo_csp65024742.jpg
566,https://3qcbdntxdyb43ubh6h0b0qgz-wpengine.netdna-ssl.com/wp-content/uploads/2020/08/MakerBot-METHOD-X-3D-printer-1-1024x787.png
567,https://i.ytimg.com/vi/aWg1nG2AbA8/maxresdefault.jpg
569,https://centrumdruku3d.pl/wp-content/uploads/2015/02/Monkeyfab-autosave.jpg
570,"https://i.all3dp.com/cdn-cgi/image/fit=cover,w=1284,h=722,gravity=0.5x0.5,format=auto/wp-content/uploads/2020/04/03100417/resin-parts-printed-with-sla-technology-formlabs-200330.jpg"
571,https://3dprintingindustry.com/wp-content/uploads/2020/09/Visualization-of-the-curved-layers.-Image-via-Wayne-State-University..png
572,https://www.goengineer.com/Uploads/Antero%20840CN03%20Material%20for%20Stratasys%20FDM%203D%20Printer.jpg
573,https://1.bp.blogspot.com/-gZ-uiX7XncM/XojFKnvRSGI/AAAAAAAAAKI/BY5RZsesDZsnhfPsmRVP2LTuReolOqp4gCNcBGAsYHQ/s1600/Cura.jpg
574,https://www.3dnatives.com/en/wp-content/uploads/sites/2/Cartesian-3D-printer-1.jpg
575,https://ic3dprinters.com/ic3d/wp-content/uploads/2018/07/Secondary-pic-620x411.jpg
577,https://image.made-in-china.com/202f0j00SKsTZjFMLLYt/Popular-Model-High-Quality-Auto-Leveling-Fdm-Goofoo-3D-Printer-as-One-of-China-Best-Manufacturers.jpg
578,https://www.cati.com/wp-content/uploads/img0-640x360.png
579,https://images.squarespace-cdn.com/content/v1/5af1803d506fbef0bc69bead/1573858671320-4L6VYYYM0G8XMH2YTQY8/ke17ZwdGBToddI8pDm48kIOVs6m69exu-2FC2lKjlGBZw-zPPgdn4jUwVcJE1ZvWEtT5uBSRWt4vQZAgTJucoTqqXjS3CfNDSuuf31e0tVE3Bc_Ea5iP5ZygTznPpYNCbPGubymAZQlbCf_v3h8kRwfhK0IoB6NA7_Z9Fw9FMdY/1Minimum%2BSupported%2BWall%2BThickness.jpg?format=1000w
581,https://www.frontiersin.org/files/Articles/532815/fchem-08-00315-HTML/image_m/fchem-08-00315-t001.jpg
582,https://monroeengineering.com/blog/wp-content/uploads/2020/06/question-mark-5213397_640-300x200.jpg
583,https://cdn.instructables.com/ORIG/FSL/FITZ/IY4QLA1B/FSLFITZIY4QLA1B.jpg?auto=webp&frame=1&width=320&md=57d8f2e08478e938c782486a05a249fa
584,https://cdn.3faktur.com/wp-content/uploads/2016/05/FDM-Filamentrolle-ABS.jpg
585,https://previews.123rf.com/images/mari1408/mari14081711/mari1408171100168/90365007-some-abstract-isolated-object-printed-on-a-3d-printer-blurred-background-fused-deposition-modeling-f.jpg
586,https://3dsourced.com/ezoimgfmt/i2.wp.com/3dsourced.com/wp-content/uploads/2020/02/Creality-Ender-5-cheap-FDM-printer.jpg?resize=700%2C400&ssl=1&ezimgfmt=rs:388x222/rscb1/ng:webp/ngcb1
587,https://s9352.pcdn.co/wp-content/uploads/2017/11/SLA-Diagram.jpg
588,https://www.researchgate.net/profile/Sidra_Waheed2/publication/330264247/figure/fig2/AS:716215827824641@1547770568069/Schematic-illustration-of-the-mechanism-of-fused-deposition-modeling-FDM-based.png
589,https://s.pick3dprinter.com/wp-content/uploads/2020/03/fdm-vs-sla-3d-printing.jpg
591,https://preview.free3d.com/img/2016/03/2206058693252875549/afi63nis-900.jpg
592,https://www.vortak.net/uploads/thumbs/269264995-1.jpg
593,https://bitfab.io/wp-content/uploads/2019/02/fdm-impresion-3d.png
594,https://i0.wp.com/www.3dprintmoney.com/wp-content/uploads/2020/04/PLA-mechanical-properties.png?resize=560%2C221
595,https://blog.zmorph3d.com/wp-content/uploads/2016/05/Screenshot-2020-01-23-at-10.13.56.png
597,https://ae01.alicdn.com/kf/HTB1ety.XvWG3KVjSZFPq6xaiXXaP/WANHAO-I3-mini-FDM-3D-printer-free-PLA-ABS-filament-3D-printer-Break-Resuming-Capability-best.jpg_Q90.jpg_.webp
598,https://www.3erp.com/wp-content/uploads/2014/08/3d-systems-odm-fused-deposition-modeling-part-hero_0.png
599,https://www.creativemechanisms.com/hs-fs/hubfs/Creatrix_Assets/Images/FDM.png?width=320&name=FDM.png
600,https://www.futurebridge.com/wp-content/uploads/2020/02/Picture2-5.png
601,https://thumbs.dreamstime.com/z/d-printer-working-fused-deposition-modeling-fdm-printing-object-plastic-automatic-three-dimensional-performs-progressive-175818152.jpg
602,https://www.stratasysdirect.com/-/media/features/resources/case-study-images/direct/articles/electroplating-goes-beyond-fdm.jpg?h=286&la=en&w=495&hash=83039A77AEB27E9B93CC710C236FB2E08AC5BAB1
603,https://i.ebayimg.com/images/g/lK8AAOSwcqFdm4Ic/s-l1600.png
604,https://d2pye4zfc3qqup.cloudfront.net/wp-content/uploads/2017/09/05114058/Nylon12_Bearing_MQ-624x709.jpg
605,https://www.digitalmanu.net/uploads/99.png
606,https://3dprint.com/wp-content/uploads/2018/08/UF-nozzle-designing.png
607,https://www.mystem3d.in/media/catalog/product/cache/1/small_image/230x/9df78eab33525d08d6e5fb8d27136e95/R/o/Robotech_c2_printer.jpg
608,https://media.springernature.com/lw685/springer-static/image/art%3A10.1038%2Fsrep39852/MediaObjects/41598_2017_Article_BFsrep39852_Fig5_HTML.jpg
609,https://upload.wikimedia.org/wikipedia/en/9/96/Fab%40Home_Model_2_3D_printer.jpg
610,https://www.newdelhiprinters.com/uploads/Aleph-Objects-LulzBot-Mini-3D-Printer.jpg
611,https://www.protekmodels.com/wp-content/themes/protekmodels/assets/images/FDM-3D-printing-v120719.jpg
613,https://st4.depositphotos.com/3351009/21841/v/600/depositphotos_218418102-stock-video-objects-printed-by-3d-printer.jpg
614,https://purpleporcupine.com/wp-content/uploads/2019/08/FDM-3D-Printing-TPU-01-01.png
615,https://www.mdpi.com/polymers/polymers-11-00774/article_deploy/html/images/polymers-11-00774-g001.png
616,https://www.ineo.es/images/2019/09/10/technologies-fdm-3d-printing-ineo-how-it-works.jpg
617,https://i2u8w8i3.stackpathcdn.com/wp-content/uploads/2016/11/yieldstressrecap.png
618,https://www.materialise.com/sites/default/files/image-uploads/pages/Manufacturing/Technologies/fdm-applications_series-production_ultem-9085.jpg
619,https://miro.medium.com/max/1978/0*0zAiUWUI7_ybhfv3.png
620,https://assets.kogan.com/images/trinityconnect/TRN-MP07825/1-0682056469-d_p6dvj52kagyw0rejizjwc-r.jpg?auto=webp&canvas=753%2C502&fit=bounds&height=502&quality=75&width=753
621,https://assets.hongkiat.com/uploads/download-free-stl-3d-models/cgtrader.jpg
622,https://i0.wp.com/blog-assets.pinshape.com/blog/wp-content/uploads/2015/08/02131942/blog-header-FDM-vs-SLS.jpg?resize=350%2C200&ssl=1
623,https://d3i71xaburhd42.cloudfront.net/44c02f3b9135847278b09a474250d8057f9a9fb3/5-Table1-1.png
625,https://media.springernature.com/lw685/springer-static/image/art%3A10.1007%2Fs00170-020-05847-0/MediaObjects/170_2020_5847_Fig1_HTML.png
626,https://i.ytimg.com/vi/yKHMmKqdI68/maxresdefault.jpg
627,https://www.stratasys.com/-/media/features/materials/image-gallery/image_gallery_asa_spray_paint_caps.png
628,https://ars.els-cdn.com/content/image/1-s2.0-S0263822319322706-ga1.jpg
629,https://image.made-in-china.com/202f0j00tDeUKdCGhiop/Custom-3D-Printing-Service-PC-Plastic-Models-Fdm-Rapid-Prototyping-3D-Printing-Parts-Customized.jpg
630,https://i.pinimg.com/originals/bb/aa/2a/bbaa2a23848bb9ccaf945f8e55825727.jpg
631,https://image.shutterstock.com/image-photo/models-printed-by-3d-printer-600w-1201256704.jpg
632,https://c8.alamy.com/comp/PPM3WA/bright-light-pink-object-in-shape-of-dinosaur-toy-printed-on-3d-printer-isolated-on-white-background-fused-deposition-modeling-fdm-concept-modern-progressive-additive-technology-for-3d-printing-PPM3WA.jpg
633,https://previews.123rf.com/images/mari1408/mari14081810/mari1408181000072/110385730-bright-light-yellow-object-in-shape-of-butterfly-toy-printed-on-3d-printer-isolated-on-white-backgro.jpg
634,https://www.vortak.net/uploads/thumbs/39d411861-1.jpg
635,https://www.researchgate.net/profile/Alvaro_Goyanes/publication/335595699/figure/fig1/AS:804886845341697@1568911386776/Current-medical-and-health-care-applications-of-3D-printing-SLA-stereolithography-SLS.png
636,https://forerunner3d.com/wp-content/uploads/2017/08/FDM_absplus_shock.1.jpg
639,https://cdn.instructables.com/ORIG/FOL/4WUC/JD2FARQE/FOL4WUCJD2FARQE.jpg?auto=webp&frame=1&width=320&md=a882a4bc095c2b057df1dc3192f7d1ee
640,https://preview.free3d.com/img/2016/03/2206058693252875549/6pblbevg-900.jpg
641,https://www.goengineer.com/Uploads/3D%20Printed%20Rocket%20with%20Stratasys%20PLA%20FDM%20Material.jpg
642,https://3dprinting.com/wp-content/uploads/2018/06/fused-deposition-modeling.jpg
643,https://files.cults3d.com/uploads/blueprint/previews/000/293/653/preview/craster.png
645,https://assets.kogan.com/images/trinityconnect/TRN-MP07825/1-e007947fa5-mzlg_kbgre2wr643vauxuqc-r.jpg?auto=webp&canvas=753%2C502&fit=bounds&height=502&quality=75&width=753
646,https://thumbs.dreamstime.com/z/d-printer-fdm-fused-deposition-modeling-additive-manufacturing-technology-commonly-used-modeling-prototyping-78233355.jpg
647,https://vexmatech.com/images/img-m/m1/rearr/new_images_FDM/zytel.jpg
648,https://s.pick3dprinter.com/wp-content/uploads/thumbs_dir/Original-Prusa-i3-MK3S-3d-printer-1-oo3tk7nntmg2i87oyk1b601c7fgcslgyjhpmhxiqeq.jpg
649,https://sc01.alicdn.com/kf/HTB1THcrbDJ_SKJjSZPiq6z3LpXac/200777436/HTB1THcrbDJ_SKJjSZPiq6z3LpXac.jpg
650,https://image.slidesharecdn.com/doctoralseminar-flora-gladchizobaekezie-160602035320/95/3d-printing-technologies-for-food-fabrication-27-638.jpg?cb=1464839639
651,https://ae01.alicdn.com/kf/HTB1sFPBXrys3KVjSZFnq6xFzpXaS/Wanhao-D4S-FDM-3d-printer-dual-extruder-for-multicolor-models-with-sd-card-duplicator-printing-machine.jpg_Q90.jpg_.webp
653,https://3dprintingindustry.com/wp-content/uploads/2020/03/makeros-3d-printing-calculator-1024x576.jpg
654,https://fscomps.fotosearch.com/compc/CSP/CSP044/models-printed-by-3d-printer-bright-stock-image__k66260211.jpg
655,https://s3-eu-west-1.amazonaws.com/3dhubs-knowledgebase/intro-fdm-3d-printing/8-fdm-sample-warping.jpg
656,https://des.gbtcdn.com/uploads/pdm-desc-pic/Electronic/image/2019/10/16/1571187086770906.jpg
657,https://i2.wp.com/tangibleday.com/wp-content/uploads/2020/04/3d-printed-xtc-coated.jpg?fit=1024%2C683&ssl=1
659,https://as1.ftcdn.net/jpg/02/91/50/56/500_F_291505660_gG1r3vz1Gjxvxl9VxSovjYHa5INz8Xof.jpg
661,https://www.frontiersin.org/files/Articles/420143/fbioe-06-00172-HTML/image_m/fbioe-06-00172-t001.jpg
662,https://www.digitalmanu.net/uploads/%E6%89%93%E5%8D%B0%E6%A1%88%E4%BE%8B.png
663,https://3dprint.com/wp-content/uploads/2018/10/Solved3D-Wilson-Additive.png
664,https://website-3e90.kxcdn.com/wp-content/uploads/2020/05/pure-copper-fdm-300x242.jpg
665,https://173250.smushcdn.com/1059234/wp-content/uploads/2017/10/ConceptModeling1.jpg?lossy=1&strip=1&webp=1
666,https://www.mdpi.com/pharmaceutics/pharmaceutics-12-00124/article_deploy/html/images/pharmaceutics-12-00124-g002.png
667,https://st4.depositphotos.com/3351009/27307/v/600/depositphotos_273075578-stock-video-3d-printer-working-fused-deposition.jpg
668,https://www.whiteclouds.com/images/3d-printing/3d-printing-filament.jpg
669,https://starfishmedical.com/assets/3D-Printing-Zach2.png
670,https://cdn.xl.thumbs.canstockphoto.com/3d-printer-working-fused-deposition-modeling-fdm-3d-printer-printing-an-object-from-plastic-stock-video-clips_csp69912486.jpg
671,https://www.3dnatives.com/en/wp-content/uploads/sites/2/OVE_cover.jpg
672,https://i2.wp.com/www.padtinc.com/blog/wp-content/uploads/2015/12/ULA-FDM-ULTEM-3D-Printed.jpg?resize=500%2C280
673,https://storage.googleapis.com/stlfinder/169/yht-rule-for-learning-of-fdm-3d-printer-gy4X5Vw9_200.jpg
674,https://www.materialise.com/sites/default/files/styles/case_teaser/public/image-uploads/pages/Manufacturing/Technologies/Materials/Finishing%20Degrees/finishing-degrees-fdm.jpg?itok=0P9RNrW9
675,https://fscomps.fotosearch.com/compc/CSP/CSP038/models-printed-by-3d-printer-bright-stock-photo__k66215439.jpg
676,https://www.protolabs.com/media/1014608/3dprinting-fdm-tiny.png
677,https://www.stratasysdirect.com/-/media/features/resources/case-study-images/direct/articles/upgrade-centuries-old-manufacturing.jpg?h=286&la=en&w=495&hash=9B488C404CE6BF8E0066612141DC299D5A6F24EB
678,https://i2.wp.com/3dsourced.com/wp-content/uploads/2019/10/Types-of-FDM-3D-printer-Cover.jpg?fit=900%2C506&ssl=1&resize=350%2C200
679,https://manufactur3dmag.com/wp-content/uploads/2018/04/Thin-walls.jpg
680,https://1.bp.blogspot.com/-gyYJ9iuSmaY/XojF6o8GbnI/AAAAAAAAAKc/p462GoSSqcQmzI4SWS5SfaRXu0qoG7YrwCNcBGAsYHQ/s1600/Repetier%2BHost.jpg
681,https://media.springernature.com/lw685/springer-static/image/art%3A10.1007%2Fs42114-018-0067-9/MediaObjects/42114_2018_67_Fig18_HTML.png
682,https://www.3dprintingtoday.com/wp-content/uploads/2018/09/FDM-3D-Printer-150x150.jpg
683,https://www.protekmodels.com/wp-content/uploads/2019/02/ProTek-Models-3D-Printing-Ultem-1010.jpg
685,https://upload.wikimedia.org/wikipedia/commons/2/27/ORDbot_quantum.jpg
686,https://cdn.3faktur.com/wp-content/uploads/2017/04/FDM-Druck-Nylon-PA-PA66-Mitnehmer.jpg
688,https://www.tth.com/hubfs/Website/Website%20Images/FDM/FDM%20-%20Machine%20-%202N%20(backup).jpg
689,https://ars.els-cdn.com/content/image/1-s2.0-S1359836816321230-gr1.jpg
690,https://idtxs3.imgix.net/si/40000/75/C3.png?w=800
691,https://www.researchgate.net/profile/Savas_Tasoglu2/publication/315732209/figure/fig1/AS:729514292297729@1550941169469/3D-printing-technologies-used-in-fabrication-of-microfluidics-A-Stereolithography-B.png
692,https://i.pinimg.com/originals/64/75/60/6475609b3e4f02e617224c9708583ae0.jpg
693,https://www.goengineer.com/Uploads/Stratasys%20PC%20Material%20for%20FDM%203D%20Printers.png
694,https://www.allthat3d.com/wp-content/uploads/2016/04/3d-printing-pen-Banner.png
695,https://5.imimg.com/data5/JJ/VO/CQ/SELLER-18845041/3d-printing-service-500x500.png
697,https://thumbs.dreamstime.com/z/d-printer-fdm-fused-deposition-modeling-additive-manufacturing-technology-commonly-used-modeling-prototyping-78236895.jpg
698,https://previews.123rf.com/images/mari1408/mari14081712/mari1408171200366/92743789-abstract-object-of-green-color-printed-by-3d-printer-on-white-background-fused-deposition-modeling-f.jpg
699,https://cdn2.myminifactory.com/assets/object-assets/5f75c31e75297/images/230X230-mrcc-tms-2000x2000.jpg
700,https://files.cults3d.com/uploaders/15310244/illustration-file/afacd3ff-43f9-4eda-8b1b-8d40c45b73a4/Bucking%20Bronco-vigors-bioshock-3d-print-stl-model-fdm-pla-sls-3dprinting-20_large.png
701,https://cdn.instructables.com/ORIG/FW8/1OC0/JCKV03CF/FW81OC0JCKV03CF.jpg?auto=webp&frame=1&width=320&md=1bbba7b68e22363927b403feb062a379
702,https://preview.free3d.com/img/2016/03/2206058693252875549/jqsox1dj-900.jpg
703,https://www.stratasys.com/-/media/features/materials/image-gallery/image_gallery_abs_m30_paper_pulp_mold.png
704,https://img1.cgtrader.com/items/2105336/c8308b0acc/turtle-warriors-and-master-and-allies-busts-with-safe-base-fdm-3d-model-stl.jpg
706,https://hackaday.com/wp-content/uploads/2020/10/The-STRENGTH-of-3D-prints-REMELTED-in-SALT-YouTube-9-49.jpeg?w=800
707,https://st4.depositphotos.com/3351009/23003/v/600/depositphotos_230033290-stock-video-3d-printer-working-fused-deposition.jpg
708,https://miro.medium.com/max/5100/1*DQemr-4uWBFZMxkhCTHpCw.jpeg
709,https://ak.picdn.net/shutterstock/videos/1044617110/thumb/1.jpg?ip=x480
711,https://cdn.shopify.com/s/files/1/1944/8333/files/3D_Printer_medium.jpg?v=1505576356
712,https://i.ytimg.com/vi/raSAhXb2ea4/maxresdefault.jpg
713,https://blog.zmorph3d.com/wp-content/uploads/2016/05/PrintQuality-4-1024x682.jpg
714,https://cdn.xl.thumbs.canstockphoto.com/objects-printed-by-3d-printer-fused-deposition-modeling-fdm-progressive-modern-additive-technology-footage_csp60190306.jpg
716,https://storage.googleapis.com/stlfinder/87/sputnik-1-for-fdm-printers-3d-print-model-Bao6JAke_200.jpg
717,https://s.pick3dprinter.com/wp-content/uploads/thumbs_dir/MakerBot-Replicator-Plus-3D-Printer-In-Depth-Review-oo3tk4u594c7jebsf0tfgiqyf9u95i5rj3r623mwxe.jpg
718,https://amfg.ai/wp-content/uploads/2018/10/Generative-design-3D-printing-complex-geometries.jpg
719,https://www.mystem3d.in/media/catalog/product/cache/1/small_image/230x/9df78eab33525d08d6e5fb8d27136e95/R/o/Robotech_X5S_3d_printer.jpg
720,https://upload.wikimedia.org/wikipedia/commons/thumb/f/fc/Extruder_lemio.svg/220px-Extruder_lemio.svg.png
721,https://www.javelin-tech.com/blog/wp-content/uploads/2019/06/sanding-fdm-parts.jpg
722,https://www.3dnatives.com/en/wp-content/uploads/sites/2/article_fdm_plateau-e1509639891190.jpg
723,https://www.researchgate.net/profile/Yichen_Xu8/publication/328136057/figure/fig1/AS:679250948526084@1538957454621/Additive-manufacturing-of-test-blocks-a-RepRap-Industrial-fused-deposition-modeling.jpg
724,https://images.squarespace-cdn.com/content/v1/575b8367b09f95c081a40151/1547926236973-TBLRBQKMNXA30D0UPCMR/ke17ZwdGBToddI8pDm48kLkXF2pIyv_F2eUT9F60jBl7gQa3H78H3Y0txjaiv_0fDoOvxcdMmMKkDsyUqMSsMWxHk725yiiHCCLfrh8O1z4YTzHvnKhyp6Da-NYroOW3ZGjoBKy3azqku80C789l0iyqMbMesKd95J-X4EagrgU9L3Sa3U8cogeb0tjXbfawd0urKshkc5MgdBeJmALQKw/DSC_0002.jpg
725,https://www.stratasysdirect.com/-/media/features/resources/case-study-images/direct/articles/key-considerations-when-3d-printing-thermoplastics-2.jpg?la=en&hash=513E883C29D6C244B50F86225FB4CDD69E266730
726,https://i0.wp.com/3dsourced.com/wp-content/uploads/2020/07/Color-3D-printing-guide-cover.jpg?fit=900%2C506&ssl=1&resize=350%2C200
727,https://ars.els-cdn.com/content/image/1-s2.0-S0169433218329866-ga1.jpg
728,https://173250.smushcdn.com/1059234/wp-content/uploads/2016/08/ppsf_5-300x268.png?size=319x285&lossy=1&strip=1&webp=1
729,https://5.imimg.com/data5/QA/TV/IC/SELLER-71749468/fdm-3d-printing-service-500x500.jpg
730,https://www.additive.blog/wp-content/uploads/2017/03/FDM-FFF-3d-printer-support-structure-2b.jpg
731,https://www.stratasys.com/-/media/features/materials/image-gallery/image_gallery_ultem9085_fdm_mv_u9085_exhaust-bottom.png
732,https://previews.123rf.com/images/mari1408/mari14081711/mari1408171100043/88968433-abstract-object-of-a-green-color-printed-by-3d-printer-on-white-background-fused-deposition-modeling.jpg
733,https://cdn.3faktur.com/wp-content/uploads/2016/05/Beispiel-FDM-Halterung-Prototyp.jpg
734,https://i.ytimg.com/vi/kS1ZyzZIIvE/maxresdefault.jpg
736,https://www.goengineer.com/Uploads/Stratasys%20ABS-M30%20FDM%20Material.png
737,https://sc02.alicdn.com/kf/HTB178voczqhSKJjSspnq6A79XXaR/200777436/HTB178voczqhSKJjSspnq6A79XXaR.jpg_.webp
738,https://preview.free3d.com/img/2016/03/2206058693252875549/z3ff39e8-900.jpg
739,https://media.springernature.com/original/springer-static/image/chp%3A10.1007%2F978-3-030-48259-6_1/MediaObjects/495521_1_En_1_Fig1_HTML.png
740,https://cdn.instructables.com/ORIG/FO3/SS4A/IY4QI3MP/FO3SS4AIY4QI3MP.jpg?auto=webp&frame=1&width=320&md=c903e339be98d0a61fde9e667190eb28
741,https://www.materialise.com/sites/default/files/image-uploads/pages/Manufacturing/Technologies/fdm-applications_airbus-space-panel-exterior-view_ultem-9085.jpg
742,https://images.ctfassets.net/q2hzfkp3j57e/FZ8AtO75CMaE26E8Gc08U/c9da1d90bb8ba5703ab74e1dba71a3c3/3DP_101_-_3D_printing_materials.png?w=400&h=400&fm=jpg&q=82
744,https://www.3dnatives.com/en/wp-content/uploads/sites/2/article_fdm_spool-e1509639904473.jpg
745,https://www.javelin-tech.com/blog/wp-content/uploads/2020/01/FDM-Infographic-Eblast-01-600x600.jpg
746,https://storage.googleapis.com/stlfinder/24/reprap-fdm-3d-printer-3d-model-waQ030cQ_200.jpg
747,https://as2.ftcdn.net/jpg/02/41/51/27/500_F_241512790_WTSJifGM3L2eIirou4b0TfAK9VM4HjDd.jpg
748,https://www.mdpi.com/materials/materials-13-02314/article_deploy/html/images/materials-13-02314-g001a.png
749,https://st3.depositphotos.com/3351009/18019/v/600/depositphotos_180192312-stock-video-objects-printed-by-3d-printer.jpg
750,https://comps.canstockphoto.com/models-printed-by-3d-printer-bright-stock-images_csp65024755.jpg
752,https://upload.wikimedia.org/wikipedia/commons/thumb/7/75/Airwolf_3d_Printer.jpg/220px-Airwolf_3d_Printer.jpg
753,https://files.cults3d.com/uploads/mini_slide/mini_shot_en/193/Cults3d%E7%BD%91%E7%AB%99Banner%E5%9B%BE.jpg
754,https://img2.cgtrader.com/items/863905/89bce3cb96/r2d2-print-ready-for-fdm-ors-sla-printing-3d-model-obj-mtl-stl.jpg
755,https://i.ytimg.com/vi/-f_5w281Lrk/hqdefault.jpg
756,https://www.cati.com/wp-content/uploads/4.1-Desciptions-640x360.png
757,https://s.pick3dprinter.com/wp-content/uploads/2020/06/fdm-3d-printer.jpg
758,https://previews.123rf.com/images/mari1408/mari14081712/mari1408171200369/92706898-abstract-object-of-a-blue-color-printed-by-3d-printer-on-white-background-fused-deposition-modeling-.jpg
759,https://preview.free3d.com/img/2016/03/2206058693252875549/y52f0wyw-900.jpg
760,https://media.springernature.com/lw685/springer-static/image/art%3A10.1007%2Fs00170-019-04534-z/MediaObjects/170_2019_4534_Fig1_HTML.png
761,https://sc02.alicdn.com/kf/HTB1amFvh5wIL1JjSZFs763XFFXaf/200777436/HTB1amFvh5wIL1JjSZFs763XFFXaf.png_.webp
762,https://ars.els-cdn.com/content/image/1-s2.0-S1359836819359396-fx1.jpg
763,https://my-test-11.slatic.net/p/442fd68af608a92fd6c7f430cbe96d3c.jpg
764,https://miro.medium.com/max/1984/0*BX2naXfysQdqpI8b.png
765,https://blog.zmorph3d.com/wp-content/uploads/2016/05/RC-car-header-1024x491.jpg
766,https://amfg.ai/wp-content/uploads/2019/06/Mendel-RepRap-3D-printer-1-263x300.jpg
767,"https://i.all3dp.com/cdn-cgi/image/fit=cover,w=1284,h=722,gravity=0.5x0.5,format=auto/wp-content/uploads/2020/10/29132621/terms.jpg"
768,https://www.stratasysdirect.com/-/media/features/resources/case-study-images/direct/white-papers/cad-output-fdm.jpg?h=285&la=en&w=460&hash=7EA5934D13638CFCAC61DD7DA97B84B6EC696DF1
769,https://cdn2.sculpteo.com/blog/wp-content/uploads/2019/07/FDM-TOP.jpg
770,https://www.materialise.com/sites/default/files/image-uploads/pages/Manufacturing/Technologies/fdm-applications_airducts_ultem-9085.jpg
771,https://www.marketindustryreports.com/admin/dashboard/uploads/RD/306640289.jpg
772,https://www.3dnatives.com/en/wp-content/uploads/sites/2/article_fdm_extrudeur-e1509639872181.jpg
773,https://5.imimg.com/data5/IO/IF/AO/SELLER-21471791/fff-3d-printing-service-500x500.jpg
774,https://www.goengineer.com/Uploads/ULTEM%201010%20Material%20for%20Stratasys%20FDM%203D%20Printers.jpg
775,"https://images.prismic.io/xometry-marketing/a06ecfe0-bd23-494d-98c6-c1a746bec5c9_FDM+large+part+US+mail+box.jpg?auto=compress,format&rect=297,0,1024,1024&w=486&h=486"
776,https://cdn.instructables.com/ORIG/FYU/ORWC/I2S6OI76/FYUORWCI2S6OI76.jpg?auto=webp&frame=1&width=320&md=56707b4a6172a69700c8c7e0ba88da71
777,https://image.slidesharecdn.com/3dprinting-140315015002-phpapp02/95/3d-printing-8-638.jpg?cb=1496997047
778,https://cdn.xl.thumbs.canstockphoto.com/3d-printer-working-fused-deposition-modeling-fdm-3d-printer-printing-an-object-from-plastic-stock-footage_csp66258437.jpg
779,https://www.mdpi.com/polymers/polymers-11-01618/article_deploy/html/images/polymers-11-01618-g001.png
780,https://s3-eu-west-1.amazonaws.com/3dhubs-knowledgebase/key-design-considerations-fdm-3d-printing/visual13.png
781,https://thumbs.dreamstime.com/z/d-printer-fdm-fused-deposition-modeling-additive-manufacturing-technology-commonly-used-modeling-prototyping-78233315.jpg
783,https://image.shutterstock.com/image-photo/models-printed-by-3d-printer-600w-1239347095.jpg
784,https://storage.googleapis.com/stlfinder/126/r2d2-print-ready-for-fdm-ors-sla-printing-3d-print-model-TFidKds4_200.jpg
785,https://i.ebayimg.com/images/g/stwAAOSwLpRdQW53/s-l300.jpg
786,https://www.protekmodels.com/wp-content/uploads/2019/01/3D-Printing-4-ASA.jpg
787,https://www.javelin-tech.com/blog/wp-content/uploads/bb-plugin/cache/post-printing-machine-600x338-panorama.jpg
788,https://www.stratasys.com/-/media/features/explore/white-papers/2019/3d-printing-fdm/designers_boutique2.png
789,https://assets.kogan.com/images/trinityconnect/TRN-MP07825/4-2a0409a7b2-mp07825_326__4.jpg?auto=webp&canvas=753%2C502&fit=bounds&height=502&quality=75&width=753
790,https://cdn.shopify.com/s/files/1/0076/8212/9975/files/creality-3d-printer-modeling-FDM-3D-printer-02.png?v=1585044576
791,https://www.cati.com/wp-content/uploads/FDM-Technology-Banner-1024x576.png
792,https://i.pinimg.com/originals/b2/54/d0/b254d0750cbba72f1e24cabfcc3734bb.png
793,https://preview.free3d.com/img/2016/03/2206058693252875549/bruyhxwg-900.jpg
795,https://ars.els-cdn.com/content/image/1-s2.0-S0022354920303774-gr1.jpg
796,https://5.imimg.com/data5/TF/XJ/PN/SELLER-6958543/wanhao-duplicator-5s-fdm-3d-printer-500x500.png
797,https://i.ytimg.com/vi/rT6PkMHNzp4/hqdefault.jpg
798,https://amfg.ai/wp-content/uploads/2019/06/Solvay-filaments-1024x512.jpg
799,https://i.materialise.com/blog/wp-content/uploads/2015/06/fdm-3d-printers.jpg
800,https://sc01.alicdn.com/kf/HTB1B0cFgrsTMeJjSsziq6AdwXXa7/200777436/HTB1B0cFgrsTMeJjSsziq6AdwXXa7.jpg_.webp
801,https://img2.cgtrader.com/items/82741/56978e6b5b/fdm-ready-split-camel-3d-model-stl.jpg
802,https://www.mdpi.com/polymers/polymers-12-01334/article_deploy/html/images/polymers-12-01334-g004.png
803,"https://images.prismic.io/xometry-marketing/0ce5470e-9884-4dc4-8103-b8105f2b5db8_FDM+plastic+X+tiles+different+materials.jpg?auto=compress,format&rect=545,0,2631,2631&w=486&h=486"
804,https://www.3dnatives.com/en/wp-content/uploads/sites/2/article_fdm_layers-e1509639920146.jpg
805,https://3dprintingindustry.com/wp-content/uploads/2019/11/Main-site-logo.png
806,https://www.protekmodels.com/wp-content/uploads/2019/01/3D-Printing-2-ABS-M30.jpg
807,https://cdn.xl.thumbs.canstockphoto.com/3d-printer-working-fused-deposition-modeling-fdm-3d-printer-printing-an-object-from-plastic-video_csp65659942.jpg
808,https://s.pick3dprinter.com/wp-content/uploads/2019/10/3d-printing-resolution-layer-height.png
809,https://www.stratasys.com/-/media/features/materials/image-gallery/image_gallery_ultem1010_fdm_ai_compositetooling1_a.png
810,https://www.stratasysdirect.com/-/media/features/resources/case-study-images/direct/articles/stand-up-paddle-board.jpg?h=286&la=en&w=495&hash=544982A68BE2292E3A5FE4144485640CE393C8CA
811,https://upload.wikimedia.org/wikipedia/commons/thumb/f/f4/Robot_3D_print_timelapse_on_RepRapPro_Fisher.webm/220px--Robot_3D_print_timelapse_on_RepRapPro_Fisher.webm.jpg
812,https://image.slidesharecdn.com/pd3dprintingtechnologiespptshameenbatulzainab-170125100356/95/3dprinting-technologies-5-638.jpg?cb=1485338662
813,https://www.cati.com/wp-content/uploads/desktop-metal-3d-printing-technology-process-1024x576.png
814,https://i.ytimg.com/vi/BguwZ5DvNmo/maxresdefault.jpg
815,https://ars.els-cdn.com/content/image/1-s2.0-S1359836818335686-gr1.jpg
816,https://storage.googleapis.com/stlfinder/201/flashforge-finder-3d-printer-model-1rly3BX6_200.jpg
817,https://s3-eu-west-1.amazonaws.com/3dhubs-knowledgebase/intro-fdm-3d-printing/7-fdm-side-layers_720.png
818,https://s.pick3dprinter.com/wp-content/uploads/2019/12/3D-Printing-Warping-1.png
819,https://www.mdpi.com/polymers/polymers-12-01334/article_deploy/html/images/polymers-12-01334-g001.png
820,https://preview.free3d.com/img/2016/03/2206058693252875549/yydljdl9-900.jpg
821,"https://images.prismic.io/xometry-marketing/3d230cd2-8f99-4879-8c05-704ad5ec61db_fdm-ultem-9085-black.jpg?auto=compress,format"
822,https://amfg.ai/wp-content/uploads/2019/06/Markforged-X7-261x300.png
823,https://image.slidesharecdn.com/doctoralseminar-flora-gladchizobaekezie-160602035320/95/3d-printing-technologies-for-food-fabrication-9-638.jpg?cb=1464839639
824,https://www.protekmodels.com/wp-content/uploads/2019/06/FDM-3D-Printed-Antero-800-NA-3D-Printed-Part.jpg
825,https://i.ytimg.com/vi/nwqjz5nxOw0/hqdefault.jpg
826,https://www.stratasys.com/-/media/features/materials/image-gallery/image_gallery_ultem9085_fdm_mv_u9085_exhaust-side.png
827,https://upload.wikimedia.org/wikipedia/commons/thumb/c/c7/RepRap_%27Mendel%27.jpg/220px-RepRap_%27Mendel%27.jpg
828,https://www.materialise.com/sites/default/files/styles/case_teaser/public/image-uploads/pages/Manufacturing/Technologies/3d-printing-technology_fdm.jpg?itok=jsqMojrD
829,"https://images.prismic.io/xometry-marketing/642d2c3e-e8e9-4cac-b259-2111e8fa2fdb_fdm-part.png?auto=compress,format&rect=0,0,235,235&w=486&h=486"
830,https://www.stratasys.com/-/media/features/materials/image-gallery/image_gallery_nylon12_battery_box.png
831,https://i.ytimg.com/vi/o75FuLb-olA/hqdefault.jpg
832,https://upload.wikimedia.org/wikipedia/commons/thumb/4/4f/3D_Extruder_Driving_Force.png/400px-3D_Extruder_Driving_Force.png
833,https://www.mdpi.com/pharmaceutics/pharmaceutics-12-00124/article_deploy/html/images/pharmaceutics-12-00124-g003.png
834,"https://i.all3dp.com/cdn-cgi/image/fit=cover,w=360,gravity=0.5x0.5,format=auto/wp-content/uploads/2018/08/26132806/a-simple-part-printed-using-various-methods-all3dp-180828.jpg"
835,https://www.materialise.com/sites/default/files/image-uploads/pages/Manufacturing/Technologies/FDM/FDM-1-compressor.png
836,https://image.slidesharecdn.com/3dprinting-140315015002-phpapp02/95/3d-printing-12-638.jpg?cb=1496997047
837,https://www.cati.com/wp-content/uploads/image-still-printer-01-j55-640x360.png
838,https://5.imimg.com/data5/FS/HG/EG/SELLER-83466899/3d-printing-services-500x500.jpg
839,https://files.cults3d.com/uploads/slide/shot_en/254/2.jpg
840,https://s.pick3dprinter.com/wp-content/uploads/2019/09/3d-printing-material.jpg
841,https://www.ipcindy.com/wp-content/uploads/2020/01/3d-part.jpg
842,https://i.ytimg.com/vi/XZTBSJAswbs/hqdefault.jpg
843,https://www.mdpi.com/polymers/polymers-12-01334/article_deploy/html/images/polymers-12-01334-g008.png
844,https://www.stratasysdirect.com/-/media/features/visual-tabs/direct/homepage/fdm-thermoplastic-materials.jpg?h=340&w=340&la=en&hash=C555B63ABCF5123DE0F99605B34DDB3706B62939
845,https://image.slidesharecdn.com/final3dprintingppt-180716102631/95/3d-printing-ppt-11-638.jpg?cb=1531737033
846,https://www.cati.com/wp-content/uploads/solidworks-1599086259864-608x360.png
847,"https://i.all3dp.com/cdn-cgi/image/fit=cover,w=642,h=361,gravity=0.5x0.5,format=auto/wp-content/uploads/2020/10/16111358/who-needs-a-real-diamond-anyway-3d-mon-via-cults-200708.jpg"
848,https://cdn2.content.compendiumblog.com/uploads/user/def7f147-1cf5-40a7-a88c-a049b679cd40/be53b2fb-f1b8-438e-a02d-248bee6b0714/Image/9d47d347e266cfa9397e162c9c4659a6/sr_100_soluble_support_material_250x248.jpg
849,https://upload.wikimedia.org/wikipedia/commons/thumb/9/9a/Stratasys_Mojo.jpg/220px-Stratasys_Mojo.jpg
850,https://ars.els-cdn.com/content/image/1-s2.0-S1883195819304293-gr2.jpg
852,https://www.cati.com/wp-content/uploads/PolyJet-Technology-Banner-1024x576.png
853,https://www.materialise.com/sites/default/files/image-uploads/pages/Manufacturing/Technologies/FDM/FDM-3-compressor.png
854,https://i.pinimg.com/564x/47/cb/8f/47cb8f83abb9c46407fe87f9560e5774.jpg
855,https://upload.wikimedia.org/wikipedia/commons/thumb/c/c5/84530877_FillingSys_%289415669149%29.jpg/220px-84530877_FillingSys_%289415669149%29.jpg
856,https://s3-eu-west-1.amazonaws.com/3dhubs-knowledgebase/key-design-considerations-fdm-3d-printing/visual6.png
857,https://storage.googleapis.com/stlfinder/87/booette-boosette-fdm-and-sla-printer-ready-3d-print-model-ZJN6lhwl_200.jpg
858,https://files.cults3d.com/uploaders/15310244/illustration-file/627fb891-dad7-459d-819b-6b981fb689ad/Bucking%20Bronco-Charge-Devil's%20Kiss-Murder%20of%20Crows-Possession-Return%20to%20Sender-Shock%20Jockey-Undertow-vigors-bioshock-3d-print-stl-model-fdm-pla-sls-3dprinting-01_large.jpg
859,https://www.stratasys.com/-/media/features/case-study/fdm_or_polyjet_thumbnail.jpg?h=221&w=480&la=en&hash=14C75B56F02E82F5A07C14EF95E9A640A32D89D2
860,https://www.materialise.com/sites/default/files/image-uploads/pages/Manufacturing/Technologies/FDM/FDM-2-compressor.png
861,https://i.ytimg.com/vi/thf_hQzHCSY/maxresdefault.jpg
862,https://www.stratasys.com/-/media/features/materials/image-gallery/image_gallery_abs_m30_bmw_badge_fixture.png
863,https://s3-eu-west-1.amazonaws.com/3dhubs-knowledgebase/classification-am-processes/FDM.png
864,https://www.materialise.com/sites/default/files/image-uploads/pages/Manufacturing/Technologies/fdm-applications_audi_rapidfit_jig_abs.jpg
865,https://i.ytimg.com/vi/VQmPrXXCGW4/maxresdefault.jpg
866,https://i.ytimg.com/vi/mfjp9i9aJDg/maxresdefault.jpg
867,https://upload.wikimedia.org/wikipedia/commons/thumb/5/5f/3D_printer2.jpg/220px-3D_printer2.jpg
868,https://www.stratasys.com/-/media/features/materials/image-gallery/image_gallery_nylon12cf_bikestand2_fixed.png
869,"https://i.all3dp.com/cdn-cgi/image/fit=cover,w=642,h=361,gravity=0.5x0.5,format=auto/wp-content/uploads/2020/10/30123038/HP-hero.jpg"
870,https://img2.cgtrader.com/items/1010052/01f6ed4b68/bowsette-princess-bowser-fdm-and-sla-3d-printing-ready-3d-model-stl.jpg
871,https://www.materialise.com/sites/default/files/styles/case_teaser/public/image-uploads/pages/Manufacturing/Technologies/Materials/Finishing%20Degrees/design-guidelines.jpg?itok=hVa8mle6
872,https://upload.wikimedia.org/wikipedia/commons/thumb/d/d0/Large_delta-style_3D_printer.jpg/170px-Large_delta-style_3D_printer.jpg
873,https://www.stratasys.com/-/media/features/materials/image-gallery/image_gallery_ultem1010_fdm_ai_compositetooling2_a.png
874,https://i.ytimg.com/vi/BguwZ5DvNmo/hqdefault.jpg
875,https://www.materialise.com/sites/default/files/image-uploads/pages/Manufacturing/Technologies/FDM/FDM-4-compressor.png
876,https://www.stratasys.com/-/media/features/materials/image-gallery/image_gallery_absi_bottles.png
877,https://www.materialise.com/sites/default/files/styles/case_teaser/public/image-uploads/pages/Manufacturing/Technologies/fused-deposition-modeling-abs-m30i.jpg?itok=ZZTkA-9Q
878,https://www.stratasys.com/-/media/features/materials/image-gallery/image_gallery_nylon12cf.png
879,https://www.stratasys.com/-/media/features/materials/image-gallery/image_gallery_absplus_shock.png
880,https://www.stratasys.com/-/media/features/materials/image-gallery/image_gallery_abs_m30_fan_insert.png
881,https://www.stratasys.com/-/media/features/materials/image-gallery/image_gallery_abs_esd7.png
882,https://www.stratasys.com/-/media/features/materials/image-gallery/image_gallery_digitalabsplus_3.png
883,https://www.stratasys.com/-/media/features/materials/image-gallery/image_gallery_absplus_case_digitalmech_gripper.png
884,https://www.stratasys.com/-/media/features/materials/image-gallery/image_gallery_asa_outlet_exterior2.png
885,https://www.stratasys.com/-/media/features/materials/image-gallery/image_gallery_nylon12cf_benderbar.png
886,https://images-na.ssl-images-amazon.com/images/I/41svXU7PhaL._SS300_.jpg
888,https://www.stratasys.com/-/media/features/materials/image-gallery/image_gallery_pc_oreck_pallet.png
889,https://www.stratasys.com/-/media/features/materials/image-gallery/image_gallery_ppsf_box.png
890,https://www.stratasys.com/-/media/features/materials/image-gallery/image_gallery_asa-auto-mirror_a.png
892,https://www.stratasys.com/-/media/features/materials/image-gallery/image_gallery_ppsf_brown_polywhite_gears.png
893,https://www.stratasys.com/-/media/features/materials/image-gallery/image_gallery_pciso_clear_sheet.png
894,https://eurowire.co/wp-content/uploads/2020/10/3D-Printing-Market.jpg
895,https://www.3dprintingtoday.com/wp-content/uploads/2020/01/3d-printing-in-construction-market-infographic.jpeg
896,https://www.transparencymarketresearch.com/images/global-3d-printing-market.jpg
897,https://image.slidesharecdn.com/global3dprintingmarket-160609102914/95/global-3d-printing-market-1-638.jpg?cb=1465468603
898,https://www.researchgate.net/profile/Shari_Cheves/publication/282219417/figure/fig1/AS:670710070517781@1536921150800/3D-Printing-Market-by-Technology-Materials-2020-MarketsandMarkets-2014-Accessed.png
899,https://www.researchgate.net/profile/Eva_Evanthia_Kostidi2/publication/328794810/figure/fig2/AS:690494371815424@1541638095174/Global-Estimates-for-3D-Printing-Market-2020-2025-Modified-from-ARK-Invest-2016.png
900,https://3dprintingindustry.com/wp-content/uploads/2015/08/Global-Size-of-the-3D-Printing-Market-17793-1.jpg
901,https://www.yanoresearch.com/press/images/2056_1.jpg
903,https://www.researchgate.net/profile/Semra_Arslan_Selcuk2/publication/324063338/figure/fig3/AS:644567393107969@1530688250296/The-worldwide-3D-printing-industry-forecast-18.png
904,https://3dprintingindustry.com/wp-content/uploads/2018/04/Desktop-3D-printers-sold-worldwide-by-quarter.-Context-data-extended-by-3D-Printing-Industry..png
905,https://www.venturescanner.com/wp-content/uploads/2019/09/3d-printing-funding-over-time.jpg
906,https://3dprintingindustry.com/wp-content/uploads/2018/04/3D-printer-sales-worldwide-forecast-to-2020.-Data-from-Context-extended-by-3D-Printing-Industry..png
