index,valid,url
1,1,https://i.all3dp.com/wp-content/uploads/2019/04/01201306/a-finished-print-affected-by-stringing-raider1284-reddit-190327.jpg
1-0,1,"https://i.all3dp.com/cdn-cgi/image/fit=cover,w=360,gravity=0.5x0.5,format=auto/wp-content/uploads/2019/04/01201209/two-finished-prints-affected-by-stringing-group0-flux3dpforum-190327_download.jpg"
1-1,0,https://i.imgur.com/cavBFFO.jpg
1-2,1,https://i.redd.it/f6b2xxg4dtfz.jpg
1-3,1,https://help.prusa3d.com/wp-content/uploads/stringing2.jpg
1-4,1,https://forum.prusaprinters.org/wp-content/uploads/attachments/3368-15530-stringing.png
1-6,1,https://i.all3dp.com/wp-content/uploads/2018/10/25091027/thomas-sanladerer-youtube-181024.jpg
1-12,1,https://3dprinterpower.com/wp-content/uploads/2019/02/word-image-11-731x501.jpg
1-13,1,https://i.redd.it/418u41fgcb231.jpg
1-14,1,https://i.all3dp.com/wp-content/uploads/2019/10/28112257/a-typical-stringing-test-print-that-didnt-come-ou-reddit-191024.jpg
1-15,1,https://i.ytimg.com/vi/hN01xu9obtI/maxresdefault.jpg
1-16,1,https://www.geeetech.com/blog/wp-content/uploads/2018/01/gap.jpg
0,1,https://www.simplify3d.com/wp-content/uploads/2019/04/hairs-and-stringing-1024x1024-1-1024x1024.jpg
0-3,1,"https://i.all3dp.com/cdn-cgi/image/fit=cover,w=1284,h=722,gravity=0.5x0.5,format=auto/wp-content/uploads/2019/10/28112257/a-typical-stringing-test-print-that-didnt-come-ou-reddit-191024.jpg"
0-4,1,"https://i.all3dp.com/cdn-cgi/image/fit=cover,w=360,gravity=0.5x0.5,format=auto/wp-content/uploads/2018/10/25091015/temperature-calibration-blocks-thingiverse-181023.jpg"
0-5,1,https://i.redd.it/98fljnx4di331.jpg
0-9,1,https://i0.wp.com/www.3dprintingrealms.com/wp-content/uploads/Benchy-with-stringing-e1538174425786.jpg?fit=1024%2C583&ssl=1
0-10,1,https://i.redd.it/2ap6yhz31d021.jpg
2-2,1,https://i.pinimg.com/originals/a0/8a/54/a08a5427b9e0b32db70793337806f2f3.jpg
2-4,1,https://i.redd.it/qz5cjab5p4iz.jpg
2-10,1,https://help.prusa3d.com/wp-content/uploads/stringing-1.jpg
2-11,1,https://itechcluster.com/wp-content/uploads/What-causes-stringing-in-3d-printing.jpg
2-12,1,https://forum.flux3dp.com/uploads/default/original/2X/4/4ba75993a5064156f6a15d5d4bdb3423be004554.jpg
2-13,1,https://cdn.thingiverse.com/renders/b5/08/72/0b/d9/75122bd64073215c25433436e1ff7a32_preview_featured.jpg
2-16,1,"https://i.all3dp.com/cdn-cgi/image/fit=cover,w=360,gravity=0.5x0.5,format=auto/wp-content/uploads/2019/08/21152345/petg-oozing-is-a-common-issue-revolutton-ultimaker-forum-190821_download.jpg"
2-19,1,https://cdn.thingiverse.com/renders/10/b3/ff/01/dc/cDSC_0050_preview_featured.jpg
3,1,https://support.ultimaker.com/hc/article_attachments/360009278940/How_to_fix_stringing_Stringing_model.jpg
3-0,1,https://filament2print.com/modules//smartblog/images/34-single-default.jpg
3-4,1,https://cdn.thingiverse.com/renders/83/ce/7e/3e/b2/130cccd4b98670ddd4c479195fcdda44_preview_featured.jpg
3-6,1,https://support.ultimaker.com/hc/article_attachments/360009284259/How_to_fix_stringing_Higher_temperature_effect.jpg
3-10,1,https://preview.redd.it/4uxth1yl7ah21.jpg?width=3024&format=pjpg&auto=webp&s=871218d7451cfb7b0e554ec50f2a9fec2c19a3b0
3-11,1,https://help.prusa3d.com/wp-content/uploads/underextrusions.jpg
3-18,1,https://support.ultimaker.com/hc/article_attachments/360009284299/How_to_fix_stringing_Temperature_effect.jpg
4-4,1,https://forum.prusaprinters.org/wp-content/uploads/2019/11/image0.jpeg
4-5,1,https://www.simplify3d.com/wp-content/uploads/2019/04/hairs-and-stringing-1024x1024-1.jpg
4-6,1,https://forum.flux3dp.com/uploads/default/original/2X/3/3317811b7a5636eaa23d34e018bffe5b2afc6e51.jpg
4-10,1,https://s.pick3dprinter.com/wp-content/uploads/2020/01/3D-Printing-Stringing-e1597310121422.jpg
4-13,1,"https://i.all3dp.com/cdn-cgi/image/fit=cover,w=360,gravity=0.5x0.5,format=auto/wp-content/uploads/2019/04/01201231/pla-temperature-tower-test-print-at-different-temp-all3dp-190327_download.jpg"
4-14,1,https://content.invisioncic.com/ultimake/monthly_2019_10/stringing.jpg.240f9a87672a5379b65c01372bb8b791.jpg
4-15,1,https://content.invisioncic.com/ultimake/monthly_2019_10/20191025_225558.jpg.2ca7454819fa3a60380cc1426af26144.jpg
4-16,1,https://i.imgur.com/qkdEuGv.jpg
6-0,0,https://forum.prusaprinters.org/wp-content/uploads/2019/11/image1.jpeg
6-1,0,https://forum.prusaprinters.org/wp-content/uploads/2019/11/IMG_20191117_151708.jpg
6-6,1,https://forum.prusaprinters.org/wp-content/uploads/2019/06/stringing-768x1024.jpg
6-8,1,https://i.redd.it/flc8to859l051.jpg
6-9,1,https://preview.redd.it/mayy0g2ktwo11.jpg?width=4032&format=pjpg&auto=webp&s=ab62fb8238b5c929c478a73e0cde279893f7b6da
6-10,0,https://preview.redd.it/zcgee1q1b3s21.jpg?width=4032&format=pjpg&auto=webp&s=7937f7469d12319d1991a588b4af987ae0541aca
6-11,1,https://i.redd.it/75u6lsgk3o721.jpg
6-12,0,https://content.invisioncic.com/ultimake/monthly_2019_03/772647376_Stringingtesttowers.jpg.8056871e366d257aa4677861e5e41632.jpg
6-15,1,https://preview.redd.it/zj1tqkbw93s21.jpg?width=4032&format=pjpg&auto=webp&s=58eb1dec5fe453c9c6b44bbce9d77dc8dc734597
6-16,1,https://i.redd.it/wfpf05naynk41.jpg
6-18,0,https://content.invisioncic.com/ultimake/monthly_2019_10/750311747_s3dwipe.jpg.bd8fb1cb2d715f0a0fa5c346fcb045f9.jpg
6-19,1,https://i.imgur.com/SHWT93c.jpg
7,1,https://cdn.myminifactory.com/assets/object-assets/5b0d04f07bc08/images/720X720-wp-20150922-10-47-07-pro-preview-featured.jpg
7-0,1,https://cdn.thingiverse.com/renders/b1/17/27/c3/af/WP_20150922_10_47_07_Pro_preview_featured.jpg
7-1,1,https://uidesign.gbtcdn.com/gb_blog/2910/plastic-wiring-and-drawing-during-3D-printing-6.png
7-10,0,https://cdn.myminifactory.com/assets/object-assets/59ca1f6b86282/images/720X720-unnamed-1.jpg
7-13,1,https://i1.wp.com/letsprint3d.net/wp-content/uploads/2017/08/petg_0_fan_speed.jpg?resize=770%2C571&ssl=1
7-15,0,https://content.invisioncic.com/ultimake/monthly_2019_01/defect-side.jpg.0bae384c5bd86688f99d0f9fab181b71.jpg
10,1,https://www.geeetech.com/blog/wp-content/uploads/2018/01/anotherstringy.jpg
10-8,0,https://3dprintingforbeginners.com/wp-content/uploads/2014/08/laybrick-4-retraction-test-pyramid.jpg
10-13,0,https://2.bp.blogspot.com/-zUUzApzAOyY/WfiWgLPhDiI/AAAAAAAADlI/-N-X93ySw8sLbYpHA0oxqwex1DPI7y0agCLcBGAs/w1200-h630-p-k-no-nu/Pyramid.png
11-0,1,"https://i.all3dp.com/cdn-cgi/image/fit=cover,w=1284,h=722,gravity=0.5x0.5,format=auto/wp-content/uploads/2019/04/01201306/a-finished-print-affected-by-stringing-raider1284-reddit-190327.jpg"
11-2,1,https://i.ytimg.com/vi/KwcKX3o3kCU/maxresdefault.jpg
11-3,1,https://www.geeetech.com/blog/wp-content/uploads/2018/01/archiveli.jpg
11-4,1,https://i.ytimg.com/vi/8bpVAXQTXVA/maxresdefault.jpg
11-7,1,https://i.ytimg.com/vi/KwcKX3o3kCU/hqdefault.jpg
11-8,1,https://i.ytimg.com/vi/5J92bsBKeIA/maxresdefault.jpg
11-9,1,https://assets.pinshape.com/uploads/image/file/201724/container_yet-another-and-slightly-better-retraction-test-3d-printing-201724.jpg
11-10,1,https://external-preview.redd.it/foth7ruNe7ZOe2Sah_HrcDUv3F8PgbeDLk3nHjbO_SE.jpg?auto=webp&s=257e87c1cc01bbe1e3fc14cc0f66b8a59e8e818f
11-11,1,https://i.stack.imgur.com/YgAqr.jpg
11-13,1,https://i.redd.it/wf5q5e8e5gd21.jpg
11-19,1,"https://i.all3dp.com/cdn-cgi/image/fit=cover,w=360,gravity=0.5x0.5,format=auto/wp-content/uploads/2018/10/26134615/time-to-increase-retraction-speed-reddit-1810251.jpg"
12-6,1,https://preview.redd.it/7j6u5sr40ps41.jpg?auto=webp&s=35cf8bc1c20fb40cbb33821071de0ca920fabd7f
12-9,1,https://i.redd.it/9gry4nnl6vc21.jpg
12-10,0,https://forum.prusaprinters.org/wp-content/uploads/2019/07/temp-tower-01.jpg
12-11,1,https://i.redd.it/rcu2v4lay6c21.jpg
12-12,1,https://forum.prusaprinters.org/wp-content/uploads/2019/11/image0-600x500.jpeg
12-14,1,https://preview.redd.it/2fiutpt5uva41.jpg?width=2016&format=pjpg&auto=webp&s=8c7aa010126d9bb9c531a661bdb46e1e649982e1
12-15,1,https://forum.prusaprinters.org/wp-content/uploads/2019/07/2019-07-22-11.55.44-300x225.jpg
12-18,1,https://external-preview.redd.it/ZCdBCZ7ujXWw-0CXoZcZ4DJsDyR3W4AYNfKt12iIBbc.jpg?auto=webp&s=91494cf8dcee256a802f03e075119520e3e61643
13-0,1,https://help.prusa3d.com/wp-content/uploads/stringingthumb.jpg
13-11,1,https://i.redd.it/t3qz4jbi2i8y.png
13-17,0,"https://i.all3dp.com/cdn-cgi/image/fit=cover,w=360,gravity=0.5x0.5,format=auto/wp-content/uploads/2019/04/02001238/a-clean-string-free-print-with-proper-retraction-ultimaker-190323_download.jpg"
15-12,1,https://preview.redd.it/dhow6m6jotd21.jpg?width=4160&format=pjpg&auto=webp&s=836a2c1c5df14eda1fee7cded1ec8955917c6ad6
15-16,0,https://i.redd.it/kavqw7l35h031.jpg
16-10,1,https://i.imgur.com/arcCbyk.jpg
16-12,1,https://i.redd.it/4qsylqvni4j31.jpg
16-13,1,https://i.redd.it/lmk1u9l54k631.jpg
17-4,1,https://cdn.thingiverse.com/renders/5c/51/01/9b/33/1355deb5276418003ca1f1376e1173a4_preview_featured.jpg
17-7,1,https://i.redd.it/hsmeptc7b2611.jpg
18-0,1,https://cdn.thingiverse.com/renders/b5/71/73/f9/39/0c7b732c069cf7fe81adc2e476aaa8f6_preview_featured.jpg
18-6,1,https://3dprintguides.com/wp-content/uploads/2020/02/IMG_20200217_214015-1400x800.jpg
18-16,1,https://3dprintguides.com/wp-content/uploads/2020/02/IMG_20200217_214142-1024x392.jpg
18-17,1,https://3dprintguides.com/wp-content/uploads/2020/02/IMG_20200217_214015.jpg
19-1,1,https://cdn.shopify.com/s/files/1/0714/6487/files/poor_top_benchy.jpg?v=1488903459
19-4,0,https://i.all3dp.com/wp-content/uploads/2018/05/26135124/mini2-15.jpg
19-6,0,https://cdn.shopify.com/s/files/1/1082/9708/files/PolyMakerBenchy_1024x1024.jpg?v=1553279656
19-7,0,https://3dprintscape.com/wp-content/uploads/2020/01/Benchy-Blob-2-1024x683.jpg
19-8,1,https://i.imgur.com/tzJZHbW.jpg
19-9,0,"https://i.all3dp.com/cdn-cgi/image/fit=cover,w=360,gravity=0.5x0.5,format=auto/wp-content/uploads/2017/03/27025735/Extrusion-Temperature-Too-High.jpg"
19-10,0,https://www.think3d.in/wp-content/uploads/2019/04/Lulzbot-print.jpg
19-11,0,https://i.imgur.com/y8DBK6H.jpg
19-14,0,https://i.all3dp.com/wp-content/uploads/2017/08/27002236/filament-review_PETG-11-642x427.jpg
19-15,0,"https://i.all3dp.com/cdn-cgi/image/fit=cover,w=360,gravity=0.5x0.5,format=auto/wp-content/uploads/2018/10/08112008/benchy-printed-in-petg-thomas-sanladerer-youtube-180923.png"
19-16,0,https://i.imgur.com/4dfsBDH.jpg
19-18,0,https://shop.3dfilaprint.com/ekmps/shops/billyboyclyde/images/filaprint-fluorescent-green-premium-pla-2.85mm-3d-printer-filament-[4]-1625-p.jpg
21-6,1,https://content.invisioncic.com/ultimake/monthly_2017_09/0_06mm.jpg.c3a8672d525e1bb7c9542b1476c18887.jpg
21-11,1,https://preview.redd.it/f6b2xxg4dtfz.jpg?width=1024&auto=webp&s=076fae226d2bdf43bc124e04eefdb52e315da5e3
21-14,1,https://i.redd.it/dxhdvvorz5vy.jpg
22,1,https://jgauroraforum.com/uploads/editor/f9/vcrw7fljn93s.jpg
22-0,1,https://forum.flux3dp.com/uploads/default/original/2X/a/a42f5926f1e5023dbbfca3ba5b3bd49da8c3d9c7.jpg
22-1,1,https://i.redd.it/pvsk418x9sx21.jpg
22-3,1,https://forum.flux3dp.com/uploads/default/original/2X/2/2260feb10e1cea8a731fdb1390edeef057c1ae55.jpg
22-4,1,https://3dprintingforbeginners.com/wp-content/uploads/2015/06/Craftbot-Review_508.jpg
22-6,1,https://forum.flux3dp.com/uploads/default/original/2X/4/427540b15ca255233ce0702dec0217b54e066be0.jpg
22-9,1,https://scanandmake.com/wp-content/uploads/2018/09/retraction_3dprinting.jpg
22-13,1,https://i.redd.it/z675qnw6s7c51.jpg
22-14,1,https://i.pinimg.com/originals/b0/7a/5b/b07a5b68a12944543f9738b93541baad.jpg
23-0,1,https://d33v4339jhl8k0.cloudfront.net/docs/assets/53970867e4b0c76107b1091a/images/53c52467e4b085fad945d063/file-4NXiCbvLE1.jpg
23-3,1,https://kevincaron.com/wp-content/uploads/2016/08/3D-removestrings-landm-cu-857x640.jpg
23-17,0,https://i.pinimg.com/originals/03/e1/5e/03e15ed5b157730b3d2afd8176273fd9.jpg
24-6,1,https://i.redd.it/qied99nxsfp11.jpg
24-8,1,https://blog-assets.pinshape.com/blog/wp-content/uploads/2016/04/02112621/beast.jpg
24-11,1,https://content.invisioncic.com/ultimake/monthly_2017_09/0_15mm.jpg.15f863b1c721175bf8b605502bc3bc72.jpg
24-13,1,"https://i.all3dp.com/cdn-cgi/image/fit=cover,w=1024,gravity=0.5x0.5,format=auto/wp-content/uploads/2019/05/06132715/DSC03000-Watermark.jpg"
24-16,1,https://i1.wp.com/einfach3ddruck.de/wp-content/uploads/2020/04/F%C3%A4den_opt.jpg?fit=800%2C450&ssl=1
25-3,1,https://i.ytimg.com/vi/GXSqZ68UdsE/maxresdefault.jpg
27-1,0,https://i.all3dp.com/wp-content/uploads/2019/01/16113623/printing-a-petg-temperature-tower-cnc-kitchen-youtube-190116.jpg
27-3,1,https://content.invisioncic.com/ultimake/monthly_2016_02/IMG_3897.jpg.07a2aa6923737bef656d52913d1a5d0e.jpg
27-4,1,https://i.imgur.com/0ju28nU.jpg
27-5,1,https://i.redd.it/f0l1rbqtin121.jpg
27-8,0,"https://i.all3dp.com/cdn-cgi/image/fit=cover,w=1024,gravity=0.5x0.5,format=auto/wp-content/uploads/2019/03/11180213/a-close-up-shot-reveals-good-layer-adhesion-emmett-grames-all3dp-190311_download.jpg"
27-10,1,https://i.all3dp.com/wp-content/uploads/2018/12/31145906/what-a-print-should-and-shouldnt-look-like-ultimaker-forum-181231.jpg
27-14,1,https://external-preview.redd.it/uuSxbfSqkPccxUlN6era56uHlx_gnco2lnnCWAoMRD4.jpg?auto=webp&s=339e4064e6e18725ffe335c5b55d00ffac59e59d
28-7,0,https://i.redd.it/xvxe70jjddw21.jpg
28-17,1,https://i.redd.it/45c9q206l2l11.jpg
28-18,1,https://forum.flux3dp.com/uploads/default/optimized/1X/2abe54266fffc648174c486a66d4c28e13896249_1_690x387.jpg
30,1,https://best-cheap-3dprinters.com/wp-content/uploads/2017/03/Stringing-3D-Printing.jpg
30-1,1,https://pbs.twimg.com/media/EA6NauiWwAAP1eQ.jpg
30-2,0,https://fabbaloo.com/wp-content/uploads/2020/05/image-asset_img_5eb0b08ebfc18.jpg
30-5,1,https://i.redd.it/kbd8tvjpvi4z.jpg
30-11,1,https://content.invisioncic.com/ultimake/monthly_2016_02/IMG_20160217_232450.jpg.c50ec9fd16a96b6bf09c2f8a6e5f7bd9.jpg
30-18,1,https://i.all3dp.com/wp-content/uploads/2019/03/04181957/a-messy-bridging-test-alastair-jennings-all3dp-190215.jpg
39,1,https://manufactur3dmag.com/wp-content/uploads/2018/12/Stringing-Prusa-Printers-1.jpg
39-3,1,https://www.3dnatives.com/en/wp-content/uploads/sites/2/3Doptimizer-cover.png
39-11,1,https://amtech3d.com/wp-content/uploads/2017/08/Extruder-temperature-high.jpg
39-19,1,https://i.redd.it/yz01d499w3411.jpg
40,1,https://files.cults3d.com/uploaders/13523825/illustration-file/338fff69-d7be-43b7-ac7e-a14ce5afbc71/Capture%20d%E2%80%99e%CC%81cran%202018-04-25%20a%CC%80%2012.18.38_large.png
40-0,1,https://files.cults3d.com/uploaders/13523825/illustration-file/d4f5106c-37f5-49bd-b7cf-9b5ef402b404/20191022_193856.jpg
40-4,1,https://i.ytimg.com/vi/crWRh_v5O38/hqdefault.jpg
40-5,1,https://i.redd.it/5tahnjhkfvq41.jpg
40-6,1,https://files.cults3d.com/uploaders/13523825/illustration-file/d4f5106c-37f5-49bd-b7cf-9b5ef402b404/20191022_193856_large.jpg
41,1,https://cdn.shopify.com/s/files/1/0714/6487/files/stringing_zheng3.jpg?v=1480350203
41-3,1,https://i.redd.it/299c8t3d6od11.jpg
41-6,1,https://2.bp.blogspot.com/-vQmWU5iv-1A/Wy0Nw0fjbJI/AAAAAAAAJZY/HZ4ki3M9zuw9WoGNxTIm7Wa_K_i98ayEgCK4BGAYYCw/w1200-h630-p-k-no-nu/BadStrings.jpg
41-16,1,https://2.bp.blogspot.com/-vQmWU5iv-1A/Wy0Nw0fjbJI/AAAAAAAAJZY/HZ4ki3M9zuw9WoGNxTIm7Wa_K_i98ayEgCK4BGAYYCw/s1600/BadStrings.jpg
42,1,https://i.redd.it/a1ph5b6kxro41.jpg
42-4,1,"https://i.all3dp.com/cdn-cgi/image/fit=cover,w=360,gravity=0.5x0.5,format=auto/wp-content/uploads/2017/03/27025737/Misaligned-Layers.jpg"
42-11,0,https://2.bp.blogspot.com/-zUUzApzAOyY/WfiWgLPhDiI/AAAAAAAADlI/-N-X93ySw8sLbYpHA0oxqwex1DPI7y0agCLcBGAs/s1600/Pyramid.png
43,1,https://www.simplify3d.com/wp-content/uploads/2019/04/poor-bridging-1024x1024-1-1024x1024.jpg
43-0,1,https://www.simplify3d.com/wp-content/uploads/2019/04/bridging-perimeter-options.jpg
43-3,1,https://3dprintingforbeginners.com/wp-content/uploads/2014/11/Pirx_Review_482.jpg
47,1,https://forum.prusaprinters.org/wp-content/uploads/2020/03/IMG_20200327_145107.jpg
47-0,1,https://forum.prusaprinters.org/wp-content/uploads/2020/03/IMG_20200329_003943.jpg
47-2,1,https://i.redd.it/3td6i7z60sh51.jpg
47-4,0,https://i.redd.it/sazw808xjgq21.jpg
47-5,0,https://i.redd.it/blmy20be39041.jpg
47-7,0,https://i.pinimg.com/originals/eb/36/ea/eb36ea08866a026ab09a04bfb5454732.png
49-4,0,https://3dprinting-blog.com/wp-content/uploads/2015/04/3dbenchy-3d-printer-boat-test.jpg
49-5,0,https://i.imgur.com/M1lkGiG.jpg
49-6,0,https://www.chiefdelphi.com/uploads/default/original/3X/f/e/fe35e042dd59f46410d63a79bf4c7f5040f9d725.jpeg
49-7,0,https://www.chiefdelphi.com/uploads/default/original/3X/1/0/106deaefda8877435e1fa6fcc9171ada5a2f9525.jpeg
49-10,0,https://3dprint.com/wp-content/uploads/2017/03/Leapfrog_3d_Printers-Bolt-Benchy-Boat-PLA-Blue.png
49-12,0,https://3dinsider.com/wp-content/uploads/2019/07/Best-Solutions-for-3D-Print-Bed-Adhesion.png
49-14,0,https://fab.academany.org/2018/labs/fablabakgec/students/abhinav-garg/images/week6/b3.jpg
49-15,1,https://s.pick3dprinter.com/wp-content/uploads/2019/12/3D-Printing-Stringing.jpg
49-16,0,https://content.invisioncic.com/ultimake/monthly_2020_01/IMG_1213.jpg.c9d142cd831d140ff1379ef58516de3f.jpg
49-18,0,https://3dprintergeeks.com/wp-content/uploads/2019/03/abs-vs-pla.jpg
49-19,0,"https://i.all3dp.com/cdn-cgi/image/fit=cover,w=360,gravity=0.5x0.5,format=auto/wp-content/uploads/2018/12/31113421/refined-settings-make-a-difference-thingiverse-181225_download.jpg"
50-10,1,https://www.simplify3d.com/wp-content/uploads/2019/04/poor-bridging-1024x1024-1.jpg
50-13,1,https://i.all3dp.com/wp-content/uploads/2019/10/25153936/kst_sovol_general.jpg
50-19,0,https://buildit.sdsu.edu/wp-content/uploads/2016/05/IMG_0341.jpg
51-11,1,https://tobuya3dprinter.com/wp-content/uploads/2018/03/BenchyString.jpg
51-12,0,https://3dprinting.com/wp-content/uploads/plx-benchy.jpg
51-13,1,https://i.redd.it/3jea1j365zt41.jpg
53-18,1,"https://i.all3dp.com/cdn-cgi/image/fit=cover,w=360,gravity=0.5x0.5,format=auto/wp-content/uploads/2019/04/02001202/a-stringy-model-with-poor-retraction-settings-ultimaker-190323_download.jpg"
53-19,1,https://i.redd.it/xzii99dtagl41.jpg
54,1,https://i2.wp.com/stuffjasondoes.com/wp-content/uploads/2018/09/stringing.jpg?resize=400%2C267
54-13,1,https://butterflyofdream.files.wordpress.com/2015/07/cdsc_0050.jpg?w=640
56-12,1,https://i.imgur.com/VrwO4Z6.jpg
57-0,1,https://www.3dhubs.com/talk/uploads/db5060/original/3X/e/c/ecfe0246cfd11057d41689ea19fbad52e5e5d7fc.jpeg
57-19,1,https://i.redd.it/wiyl9h2zay421.jpg
58,1,https://content.invisioncic.com/ultimake/monthly_2018_06/1489774268_PillarTestResults.jpg.a4ba5f011e7c33765b14459f95867bdc.jpg
58-13,1,https://reprap.org/forum/thumbcache/d57/974/84e/07a/ddc/950/580/075/af7/7b5/62_800x400.png
60-2,1,https://content.invisioncic.com/ultimake/monthly_2018_04/IMG_20180412_090123.jpg.4d8ecc6c7e022910fe7801e6f7e11202.jpg
60-5,1,https://www.modfab.com.au/wp-content/uploads/2013/10/bad-print.jpg
65-17,1,https://www.centralab-jogja.com/wp-content/uploads/2019/05/P1060528.jpg
65-18,1,https://i.stack.imgur.com/v0yDS.jpg
66-1,1,https://i.redd.it/ze739cux1b241.jpg
66-3,1,https://i.redd.it/4qs80vo82v431.jpg
66-6,1,https://i.redd.it/0zsy9aozfmb21.jpg
66-9,1,https://penandplastic.com/wp-content/uploads/2019/07/Makerbot5-5.png
66-11,1,https://www.3dhubs.com/talk/uploads/db5060/optimized/3X/e/0/e064ff4b241e64e90f8356788adb8ce8bc2ea09a_2_1024x768.jpeg
66-17,1,https://i.redd.it/vxsluwic08a21.jpg
76-3,1,https://cdn.webshopapp.com/shops/180977/files/322589570/veelgemaakte-beginnersfouten.jpg
77,1,https://cdn.shopify.com/s/files/1/0714/6487/files/DSC01187_x500.png?v=1520264048
77-17,1,https://d33v4339jhl8k0.cloudfront.net/docs/assets/53970867e4b0c76107b1091a/images/53baa2d5e4b08d4d93a1c203/file-aJTtLfvFX7.jpg
78-4,1,https://blog.ktz.me/content/images/2019/07/IMG_20190708_231327.jpg
78-5,1,https://fabbaloo.com/wp-content/uploads/2020/05/image-asset_img_5eb0ab1f3f771.jpg
78-8,1,https://i.all3dp.com/wp-content/uploads/2018/04/26155007/an-example-temperature-tower-robomaniacthingiverse-180409.jpg
79-0,1,https://steelcityelectronics.files.wordpress.com/2017/01/img_5253_edit.jpg
80,1,https://i.redd.it/ifs488f7y5dz.jpg
80-1,1,https://preview.redd.it/g0apft5abe741.jpg?width=3456&format=pjpg&auto=webp&s=80522d010303403aa1c24262cb2ba6b86cf015f2
80-4,1,https://i.redd.it/dm084s0wt0r21.jpg
80-6,1,https://external-preview.redd.it/qPMvYUgkRhe1BATSuUc5gCwWAhPVCGztuvL8Jbsku5c.jpg?auto=webp&s=6fd754a6c4eeb96afa1d64fcb34fc4ae9b8f162b
94-12,1,https://i0.wp.com/www.3dprintingrealms.com/wp-content/uploads/Benchy-with-stringing-e1538174425786.jpg?fit=640%2C364&ssl=1
108-17,1,https://cdn.myminifactory.com/assets/object-assets/5ba2bc8c8900a/images/720X720-3x3spikes.jpg
108-19,1,"https://i.all3dp.com/cdn-cgi/image/fit=cover,w=360,gravity=0.5x0.5,format=auto/wp-content/uploads/2018/10/08111924/petg-has-a-high-tendency-to-ooze-thomas-sanladerer-youtube-180923.png"
110,1,https://2.bp.blogspot.com/-A_xQ-Ld_6Gk/UIkBByYkX1I/AAAAAAAAAS8/HOna8QmptFs/s1600/stringing_raft.jpg
110-16,1,https://cdn.thingiverse.com/assets/79/ed/d7/3d/11/featured_preview_20191011_131946.jpg
115,1,https://cdn.shopify.com/s/files/1/1069/4816/files/15.png?8505323665141626881
116-11,1,https://3dprintguides.com/wp-content/uploads/2020/02/IMG_20200217_213837-1024x486.jpg
116-13,1,https://i.redd.it/pup4d0vjbcm21.jpg
116-17,1,https://i.redd.it/wwivrhw55wm31.jpg
119-0,1,https://blog.ansonbiggs.com/content/images/2018/08/_---Poor-Stringing.png
119-8,0,https://cdn.shopify.com/s/files/1/0259/1948/8059/files/hemera-bed-of-spikes-1-1024x452_large.jpg?v=1591967818
122-0,1,https://i.imgur.com/RlKQHvM.png
125-3,1,"https://i.all3dp.com/cdn-cgi/image/fit=cover,w=1284,h=722,gravity=0.5x0.5,format=auto/wp-content/uploads/2018/11/19094234/brunofporto-thingiverse-181119.jpg"
127,1,https://i.stack.imgur.com/qBOOk.jpg
133,1,https://i.stack.imgur.com/xUMyH.jpg
133-0,1,https://i.redd.it/i0x6mtkrdn6z.jpg
133-6,1,https://drucktipps3d.de/wp-content/uploads/2019/03/cura_stringing_temperatur.png
133-14,1,https://forum.prusaprinters.org/wp-content/uploads/2019/09/DSC04930.jpg
137-3,1,https://preview.redd.it/t953a5h0hir11.jpg?width=432&auto=webp&s=42041bfa4e2f6edc2ea0630fe6dc3fd2215e0e8a
137-7,1,https://cdn.thingiverse.com/renders/15/e9/df/74/a4/979ffe4e9f797626812ab0721b2c80df_preview_featured.jpg
137-16,1,https://i.redd.it/bmgfgin6gzt11.jpg
140,1,https://forum.prusaprinters.org/wp-content/uploads/2020/04/S3D-vs-PrusaSlicer.jpg
142-0,1,https://i.stack.imgur.com/CGeTY.jpg
142-5,1,https://top3dshop.com/image/catalog/blog/review_1/troubleshooting_guide/image_27.jpg
142-7,1,https://preview.redd.it/y0izlf287db41.jpg?auto=webp&s=259222de5e81d94261fa2ae975c65c29257fcd4b
146-4,0,https://cdn.shopify.com/s/files/1/0714/6487/articles/got_good_benchy_sml_1200x1200.jpg?v=1481645391
146-12,0,https://www.collideabq.com/wp-content/uploads/2016/07/IMG_20160709_095702-e1468179361315.jpg
146-16,1,https://buildit.sdsu.edu/wp-content/uploads/2016/05/IMG_0214-e1463772972913.jpg
146-19,0,https://i.pinimg.com/originals/b3/54/b6/b354b6f94f10e7144831e5fd79d7eefb.jpg
154-11,1,https://i.all3dp.com/wp-content/uploads/2018/11/19094234/brunofporto-thingiverse-181119.jpg
158,0,https://www.akeric.com/blog/wp-content/uploads/2015/11/benchy.jpg
158-0,0,https://i.redd.it/qm3q37cvtye21.jpg
158-3,0,https://www.collideabq.com/wp-content/uploads/2016/07/IMG_20160709_095715-e1468179375629.jpg
158-5,1,https://www.akeric.com/blog/wp-content/uploads/2015/09/benchy_back.jpg
158-9,0,https://i.redd.it/38bnb8m4fhyx.jpg
158-10,0,https://forum.flux3dp.com/uploads/default/original/2X/2/29923823731a2308874e78dabea2ccff246fa8c8.jpg
158-18,0,https://www.aniwaa.com/wp-content/uploads/2016/06/Aniwaa-Ultimaker-2-plus-review-benchy.jpg
158-19,0,https://i.stack.imgur.com/37sA5.jpg
159,1,https://i.imgur.com/9frs8Ph.jpg
159-19,1,https://cdn.shopify.com/s/files/1/0221/1404/files/3317811b7a5636eaa23d34e018bffe5b2afc6e51_1_617x500_b6b28317-4f2a-46b9-b402-53770d0e154c_large.jpg?v=1551191763
160-15,1,https://i.imgur.com/ykEh7FB.jpg
164,1,https://cdn.thingiverse.com/renders/de/9c/91/76/76/36bad73436e0f4f9fe34f7f3bf1800fb_preview_featured.jpg
167,1,https://3dprintingforbeginners.com/wp-content/uploads/2014/08/Spiral02-detail-C-shin-ajaran.blogspot.sg-Medium-Small.png
167-0,1,https://3dprintingforbeginners.com/wp-content/uploads/2014/08/Spiral01-C-shin-ajaran.blogspot.sg-Medium-Small.png
177-4,0,https://cdn.shopify.com/s/files/1/0717/9095/products/htgl-dst_stardust-htlpa-3d-print_1024x.jpg?v=1596507854
177-16,0,https://ars.els-cdn.com/content/image/1-s2.0-S0160412018323663-gr1.jpg
192-0,1,"https://i.all3dp.com/cdn-cgi/image/fit=cover,w=360,gravity=0.5x0.5,format=auto/wp-content/uploads/2018/10/26134557/the-power-of-retraction-youtube-1810251.jpg"
192-13,1,https://cdn.thingiverse.com/assets/7b/5e/f2/19/dd/featured_preview_IMG_20200116_010059.jpg
192-19,1,https://3dprintingforbeginners.com/wp-content/uploads/2016/03/Tripodmaker_Thin-features-probe.jpg